attack,method,seed,round,acc
LF,DP-FedAvg,0,0,0.0427
LF,DP-FedAvg,0,5,0.6122
LF,DP-FedAvg,0,10,0.7283
LF,DP-FedAvg,0,15,0.7474
LF,DP-FedAvg,0,20,0.7627
LF,DP-FedAvg,0,25,0.7772
LF,DP-FedAvg,0,30,0.7827
LF,DP-FedAvg,0,35,0.7852
LF,DP-FedAvg,0,40,0.7866
LF,DP-FedAvg,0,45,0.7955
LF,DP-FedAvg,0,50,0.7963
LF,DP-FedAvg,0,55,0.7971
LF,DP-FedAvg,0,60,0.7957
LF,DP-FedAvg,0,65,0.7907
LF,DP-FedAvg,0,70,0.7915
LF,DP-FedAvg,0,75,0.7917
LF,DP-FedAvg,0,80,0.7923
LF,DP-FedAvg,0,85,0.786
LF,DP-FedAvg,0,90,0.7871
LF,DP-FedAvg,0,95,0.7955
LF,DP-FedAvg,0,100,0.7879
LF,DP-FedAvg,0,105,0.7834
LF,DP-FedAvg,0,110,0.782
LF,DP-FedAvg,0,115,0.7849
LF,DP-FedAvg,0,120,0.7625
LF,DP-FedAvg,0,125,0.7718
LF,DP-FedAvg,0,130,0.7672
LF,DP-FedAvg,0,135,0.7672
LF,DP-FedAvg,0,140,0.7585
LF,DP-FedAvg,0,145,0.7452
LF,DP-FedAvg,0,150,0.745
LF,DP-FedAvg,0,155,0.7547
LF,DP-FedAvg,0,160,0.7171
LF,DP-FedAvg,0,165,0.7338
LF,DP-FedAvg,0,170,0.7443
LF,DP-FedAvg,0,175,0.7244
LF,DP-FedAvg,0,180,0.7105
LF,DP-FedAvg,1,0,0.1713
LF,DP-FedAvg,1,5,0.5959
LF,DP-FedAvg,1,10,0.7044
LF,DP-FedAvg,1,15,0.7278
LF,DP-FedAvg,1,20,0.7566
LF,DP-FedAvg,1,25,0.7678
LF,DP-FedAvg,1,30,0.7776
LF,DP-FedAvg,1,35,0.7769
LF,DP-FedAvg,1,40,0.7895
LF,DP-FedAvg,1,45,0.7861
LF,DP-FedAvg,1,50,0.7859
LF,DP-FedAvg,1,55,0.7827
LF,DP-FedAvg,1,60,0.7911
LF,DP-FedAvg,1,65,0.7932
LF,DP-FedAvg,1,70,0.7941
LF,DP-FedAvg,1,75,0.7946
LF,DP-FedAvg,1,80,0.7882
LF,DP-FedAvg,1,85,0.7897
LF,DP-FedAvg,1,90,0.7897
LF,DP-FedAvg,1,95,0.7894
LF,DP-FedAvg,1,100,0.7894
LF,DP-FedAvg,1,105,0.7601
LF,DP-FedAvg,1,110,0.7801
LF,DP-FedAvg,1,115,0.753
LF,DP-FedAvg,1,120,0.7782
LF,DP-FedAvg,1,125,0.7419
LF,DP-FedAvg,1,130,0.774
LF,DP-FedAvg,1,135,0.7636
LF,DP-FedAvg,1,140,0.7675
LF,DP-FedAvg,1,145,0.7373
LF,DP-FedAvg,1,150,0.7581
LF,DP-FedAvg,1,155,0.7375
LF,DP-FedAvg,1,160,0.7244
LF,DP-FedAvg,1,165,0.747
LF,DP-FedAvg,1,170,0.7453
LF,DP-FedAvg,1,175,0.7301
LF,DP-FedAvg,1,180,0.7305
LF,DP-FedAvg,2,0,0.1001
LF,DP-FedAvg,2,5,0.6056
LF,DP-FedAvg,2,10,0.7315
LF,DP-FedAvg,2,15,0.7531
LF,DP-FedAvg,2,20,0.764
LF,DP-FedAvg,2,25,0.7704
LF,DP-FedAvg,2,30,0.7789
LF,DP-FedAvg,2,35,0.7819
LF,DP-FedAvg,2,40,0.7946
LF,DP-FedAvg,2,45,0.7985
LF,DP-FedAvg,2,50,0.7912
LF,DP-FedAvg,2,55,0.7975
LF,DP-FedAvg,2,60,0.7921
LF,DP-FedAvg,2,65,0.7832
LF,DP-FedAvg,2,70,0.794
LF,DP-FedAvg,2,75,0.794
LF,DP-FedAvg,2,80,0.7862
LF,DP-FedAvg,2,85,0.7887
LF,DP-FedAvg,2,90,0.7844
LF,DP-FedAvg,2,95,0.7661
LF,DP-FedAvg,2,100,0.7825
LF,DP-FedAvg,2,105,0.7685
LF,DP-FedAvg,2,110,0.7827
LF,DP-FedAvg,2,115,0.7758
LF,DP-FedAvg,2,120,0.7726
LF,DP-FedAvg,2,125,0.7601
LF,DP-FedAvg,2,130,0.7616
LF,DP-FedAvg,2,135,0.747
LF,DP-FedAvg,2,140,0.7572
LF,DP-FedAvg,2,145,0.7286
LF,DP-FedAvg,2,150,0.7498
LF,DP-FedAvg,2,155,0.7374
LF,DP-FedAvg,2,160,0.725
LF,DP-FedAvg,2,165,0.7217
LF,DP-FedAvg,2,170,0.7186
LF,DP-FedAvg,2,175,0.7243
LF,DP-FedAvg,2,180,0.6979
LF,FedVRDP,0,0,0.0427
LF,FedVRDP,0,5,0.4831
LF,FedVRDP,0,10,0.5425
LF,FedVRDP,0,15,0.6333
LF,FedVRDP,0,20,0.7032
LF,FedVRDP,0,25,0.7313
LF,FedVRDP,0,30,0.7447
LF,FedVRDP,0,35,0.7512
LF,FedVRDP,0,40,0.7608
LF,FedVRDP,0,45,0.7684
LF,FedVRDP,0,50,0.7687
LF,FedVRDP,0,55,0.7744
LF,FedVRDP,0,60,0.7785
LF,FedVRDP,0,65,0.7835
LF,FedVRDP,0,70,0.791
LF,FedVRDP,0,75,0.7937
LF,FedVRDP,0,80,0.7951
LF,FedVRDP,0,85,0.7973
LF,FedVRDP,0,90,0.8005
LF,FedVRDP,0,95,0.8032
LF,FedVRDP,0,100,0.8056
LF,FedVRDP,0,105,0.8087
LF,FedVRDP,0,110,0.8111
LF,FedVRDP,0,115,0.8112
LF,FedVRDP,0,120,0.8129
LF,FedVRDP,0,125,0.8104
LF,FedVRDP,0,130,0.8056
LF,FedVRDP,0,135,0.8071
LF,FedVRDP,0,140,0.8102
LF,FedVRDP,0,145,0.8075
LF,FedVRDP,0,150,0.8125
LF,FedVRDP,0,155,0.8097
LF,FedVRDP,0,160,0.81
LF,FedVRDP,0,165,0.8111
LF,FedVRDP,0,170,0.8057
LF,FedVRDP,0,175,0.808
LF,FedVRDP,0,180,0.8019
LF,FedVRDP,1,0,0.1713
LF,FedVRDP,1,5,0.4556
LF,FedVRDP,1,10,0.5387
LF,FedVRDP,1,15,0.6102
LF,FedVRDP,1,20,0.686
LF,FedVRDP,1,25,0.7199
LF,FedVRDP,1,30,0.7278
LF,FedVRDP,1,35,0.7385
LF,FedVRDP,1,40,0.7445
LF,FedVRDP,1,45,0.7498
LF,FedVRDP,1,50,0.7558
LF,FedVRDP,1,55,0.7619
LF,FedVRDP,1,60,0.7705
LF,FedVRDP,1,65,0.772
LF,FedVRDP,1,70,0.7766
LF,FedVRDP,1,75,0.7802
LF,FedVRDP,1,80,0.7843
LF,FedVRDP,1,85,0.7842
LF,FedVRDP,1,90,0.788
LF,FedVRDP,1,95,0.7929
LF,FedVRDP,1,100,0.7924
LF,FedVRDP,1,105,0.7934
LF,FedVRDP,1,110,0.7948
LF,FedVRDP,1,115,0.7937
LF,FedVRDP,1,120,0.7996
LF,FedVRDP,1,125,0.7949
LF,FedVRDP,1,130,0.7975
LF,FedVRDP,1,135,0.7934
LF,FedVRDP,1,140,0.7944
LF,FedVRDP,1,145,0.7939
LF,FedVRDP,1,150,0.7939
LF,FedVRDP,1,155,0.7929
LF,FedVRDP,1,160,0.7945
LF,FedVRDP,1,165,0.7938
LF,FedVRDP,1,170,0.7939
LF,FedVRDP,1,175,0.7882
LF,FedVRDP,1,180,0.7893
LF,FedVRDP,2,0,0.1001
LF,FedVRDP,2,5,0.4573
LF,FedVRDP,2,10,0.5592
LF,FedVRDP,2,15,0.6709
LF,FedVRDP,2,20,0.7188
LF,FedVRDP,2,25,0.7261
LF,FedVRDP,2,30,0.7412
LF,FedVRDP,2,35,0.747
LF,FedVRDP,2,40,0.7512
LF,FedVRDP,2,45,0.7545
LF,FedVRDP,2,50,0.7635
LF,FedVRDP,2,55,0.7668
LF,FedVRDP,2,60,0.7677
LF,FedVRDP,2,65,0.7725
LF,FedVRDP,2,70,0.7776
LF,FedVRDP,2,75,0.7818
LF,FedVRDP,2,80,0.7852
LF,FedVRDP,2,85,0.7891
LF,FedVRDP,2,90,0.7883
LF,FedVRDP,2,95,0.7917
LF,FedVRDP,2,100,0.7948
LF,FedVRDP,2,105,0.7944
LF,FedVRDP,2,110,0.7999
LF,FedVRDP,2,115,0.8007
LF,FedVRDP,2,120,0.7985
LF,FedVRDP,2,125,0.8
LF,FedVRDP,2,130,0.7989
LF,FedVRDP,2,135,0.8029
LF,FedVRDP,2,140,0.7966
LF,FedVRDP,2,145,0.7985
LF,FedVRDP,2,150,0.8002
LF,FedVRDP,2,155,0.7976
LF,FedVRDP,2,160,0.7884
LF,FedVRDP,2,165,0.7936
LF,FedVRDP,2,170,0.7923
LF,FedVRDP,2,175,0.7914
LF,FedVRDP,2,180,0.7872
LF,AG-PTR,0,0,0.0427
LF,AG-PTR,0,5,0.5644
LF,AG-PTR,0,10,0.6944
LF,AG-PTR,0,15,0.7276
LF,AG-PTR,0,20,0.7276
LF,AG-PTR,0,25,0.7276
LF,AG-PTR,0,30,0.7428
LF,AG-PTR,0,35,0.7408
LF,AG-PTR,0,40,0.7544
LF,AG-PTR,0,45,0.7661
LF,AG-PTR,0,50,0.7659
LF,AG-PTR,0,55,0.774
LF,AG-PTR,0,60,0.774
LF,AG-PTR,0,65,0.774
LF,AG-PTR,0,70,0.774
LF,AG-PTR,0,75,0.7717
LF,AG-PTR,0,80,0.7586
LF,AG-PTR,0,85,0.7708
LF,AG-PTR,0,90,0.7559
LF,AG-PTR,0,95,0.7702
LF,AG-PTR,0,100,0.7719
LF,AG-PTR,0,105,0.7681
LF,AG-PTR,0,110,0.7476
LF,AG-PTR,0,115,0.7699
LF,AG-PTR,0,120,0.773
LF,AG-PTR,0,125,0.764
LF,AG-PTR,0,130,0.7703
LF,AG-PTR,0,135,0.7641
LF,AG-PTR,0,140,0.7696
LF,AG-PTR,0,145,0.7509
LF,AG-PTR,0,150,0.7544
LF,AG-PTR,0,155,0.7338
LF,AG-PTR,0,160,0.7609
LF,AG-PTR,0,165,0.7661
LF,AG-PTR,0,170,0.7661
LF,AG-PTR,0,175,0.7614
LF,AG-PTR,0,180,0.7624
LF,AG-PTR,1,0,0.1713
LF,AG-PTR,1,5,0.596
LF,AG-PTR,1,10,0.7168
LF,AG-PTR,1,15,0.7168
LF,AG-PTR,1,20,0.6956
LF,AG-PTR,1,25,0.7283
LF,AG-PTR,1,30,0.7092
LF,AG-PTR,1,35,0.7303
LF,AG-PTR,1,40,0.741
LF,AG-PTR,1,45,0.7396
LF,AG-PTR,1,50,0.752
LF,AG-PTR,1,55,0.7608
LF,AG-PTR,1,60,0.7615
LF,AG-PTR,1,65,0.7658
LF,AG-PTR,1,70,0.7703
LF,AG-PTR,1,75,0.7612
LF,AG-PTR,1,80,0.7626
LF,AG-PTR,1,85,0.7733
LF,AG-PTR,1,90,0.7683
LF,AG-PTR,1,95,0.7773
LF,AG-PTR,1,100,0.7716
LF,AG-PTR,1,105,0.776
LF,AG-PTR,1,110,0.7598
LF,AG-PTR,1,115,0.7645
LF,AG-PTR,1,120,0.7896
LF,AG-PTR,1,125,0.7751
LF,AG-PTR,1,130,0.7751
LF,AG-PTR,1,135,0.7681
LF,AG-PTR,1,140,0.7614
LF,AG-PTR,1,145,0.767
LF,AG-PTR,1,150,0.7612
LF,AG-PTR,1,155,0.7633
LF,AG-PTR,1,160,0.7512
LF,AG-PTR,1,165,0.7613
LF,AG-PTR,1,170,0.7547
LF,AG-PTR,1,175,0.7614
LF,AG-PTR,1,180,0.7569
LF,AG-PTR,2,0,0.1001
LF,AG-PTR,2,5,0.5805
LF,AG-PTR,2,10,0.7011
LF,AG-PTR,2,15,0.7209
LF,AG-PTR,2,20,0.7392
LF,AG-PTR,2,25,0.7392
LF,AG-PTR,2,30,0.7392
LF,AG-PTR,2,35,0.7344
LF,AG-PTR,2,40,0.7389
LF,AG-PTR,2,45,0.7621
LF,AG-PTR,2,50,0.7625
LF,AG-PTR,2,55,0.7607
LF,AG-PTR,2,60,0.7672
LF,AG-PTR,2,65,0.7754
LF,AG-PTR,2,70,0.7635
LF,AG-PTR,2,75,0.768
LF,AG-PTR,2,80,0.7724
LF,AG-PTR,2,85,0.7713
LF,AG-PTR,2,90,0.7754
LF,AG-PTR,2,95,0.7714
LF,AG-PTR,2,100,0.7761
LF,AG-PTR,2,105,0.7597
LF,AG-PTR,2,110,0.7657
LF,AG-PTR,2,115,0.7526
LF,AG-PTR,2,120,0.7471
LF,AG-PTR,2,125,0.7691
LF,AG-PTR,2,130,0.7664
LF,AG-PTR,2,135,0.7711
LF,AG-PTR,2,140,0.7591
LF,AG-PTR,2,145,0.7538
LF,AG-PTR,2,150,0.7596
LF,AG-PTR,2,155,0.7286
LF,AG-PTR,2,160,0.7528
LF,AG-PTR,2,165,0.7491
LF,AG-PTR,2,170,0.7476
LF,AG-PTR,2,175,0.7458
LF,AG-PTR,2,180,0.7412
LF,Median (non-DP),0,0,0.0427
LF,Median (non-DP),0,5,0.5189
LF,Median (non-DP),0,10,0.6937
LF,Median (non-DP),0,15,0.6812
LF,Median (non-DP),0,20,0.719
LF,Median (non-DP),0,25,0.7414
LF,Median (non-DP),0,30,0.7507
LF,Median (non-DP),0,35,0.757
LF,Median (non-DP),0,40,0.7642
LF,Median (non-DP),0,45,0.7691
LF,Median (non-DP),0,50,0.7736
LF,Median (non-DP),0,55,0.7785
LF,Median (non-DP),0,60,0.7817
LF,Median (non-DP),0,65,0.7811
LF,Median (non-DP),0,70,0.7866
LF,Median (non-DP),0,75,0.7872
LF,Median (non-DP),0,80,0.7898
LF,Median (non-DP),0,85,0.7915
LF,Median (non-DP),0,90,0.791
LF,Median (non-DP),0,95,0.7941
LF,Median (non-DP),0,100,0.7972
LF,Median (non-DP),0,105,0.7976
LF,Median (non-DP),0,110,0.7966
LF,Median (non-DP),0,115,0.8009
LF,Median (non-DP),0,120,0.8027
LF,Median (non-DP),0,125,0.8039
LF,Median (non-DP),0,130,0.8015
LF,Median (non-DP),0,135,0.806
LF,Median (non-DP),0,140,0.8044
LF,Median (non-DP),0,145,0.8073
LF,Median (non-DP),0,150,0.806
LF,Median (non-DP),0,155,0.8067
LF,Median (non-DP),0,160,0.8055
LF,Median (non-DP),0,165,0.8082
LF,Median (non-DP),0,170,0.8074
LF,Median (non-DP),0,175,0.8088
LF,Median (non-DP),0,180,0.8094
LF,Median (non-DP),1,0,0.1713
LF,Median (non-DP),1,5,0.4625
LF,Median (non-DP),1,10,0.6327
LF,Median (non-DP),1,15,0.6943
LF,Median (non-DP),1,20,0.7136
LF,Median (non-DP),1,25,0.736
LF,Median (non-DP),1,30,0.7309
LF,Median (non-DP),1,35,0.7422
LF,Median (non-DP),1,40,0.7469
LF,Median (non-DP),1,45,0.7489
LF,Median (non-DP),1,50,0.7531
LF,Median (non-DP),1,55,0.7567
LF,Median (non-DP),1,60,0.76
LF,Median (non-DP),1,65,0.7611
LF,Median (non-DP),1,70,0.7649
LF,Median (non-DP),1,75,0.7697
LF,Median (non-DP),1,80,0.7732
LF,Median (non-DP),1,85,0.774
LF,Median (non-DP),1,90,0.7777
LF,Median (non-DP),1,95,0.7794
LF,Median (non-DP),1,100,0.7822
LF,Median (non-DP),1,105,0.7854
LF,Median (non-DP),1,110,0.7873
LF,Median (non-DP),1,115,0.7906
LF,Median (non-DP),1,120,0.7913
LF,Median (non-DP),1,125,0.7896
LF,Median (non-DP),1,130,0.7949
LF,Median (non-DP),1,135,0.7953
LF,Median (non-DP),1,140,0.7984
LF,Median (non-DP),1,145,0.7964
LF,Median (non-DP),1,150,0.8
LF,Median (non-DP),1,155,0.8024
LF,Median (non-DP),1,160,0.8032
LF,Median (non-DP),1,165,0.8052
LF,Median (non-DP),1,170,0.8046
LF,Median (non-DP),1,175,0.8039
LF,Median (non-DP),1,180,0.8
LF,Median (non-DP),2,0,0.1001
LF,Median (non-DP),2,5,0.5071
LF,Median (non-DP),2,10,0.6932
LF,Median (non-DP),2,15,0.7085
LF,Median (non-DP),2,20,0.7308
LF,Median (non-DP),2,25,0.7345
LF,Median (non-DP),2,30,0.7405
LF,Median (non-DP),2,35,0.7476
LF,Median (non-DP),2,40,0.7533
LF,Median (non-DP),2,45,0.7592
LF,Median (non-DP),2,50,0.7635
LF,Median (non-DP),2,55,0.7619
LF,Median (non-DP),2,60,0.7658
LF,Median (non-DP),2,65,0.7678
LF,Median (non-DP),2,70,0.7734
LF,Median (non-DP),2,75,0.7753
LF,Median (non-DP),2,80,0.7774
LF,Median (non-DP),2,85,0.7779
LF,Median (non-DP),2,90,0.7841
LF,Median (non-DP),2,95,0.7796
LF,Median (non-DP),2,100,0.7844
LF,Median (non-DP),2,105,0.7817
LF,Median (non-DP),2,110,0.7852
LF,Median (non-DP),2,115,0.7904
LF,Median (non-DP),2,120,0.7875
LF,Median (non-DP),2,125,0.7927
LF,Median (non-DP),2,130,0.7934
LF,Median (non-DP),2,135,0.7927
LF,Median (non-DP),2,140,0.7898
LF,Median (non-DP),2,145,0.7955
LF,Median (non-DP),2,150,0.797
LF,Median (non-DP),2,155,0.796
LF,Median (non-DP),2,160,0.7988
LF,Median (non-DP),2,165,0.7979
LF,Median (non-DP),2,170,0.7973
LF,Median (non-DP),2,175,0.7968
LF,Median (non-DP),2,180,0.8008
LF,TrimmedMean (non-DP),0,0,0.0427
LF,TrimmedMean (non-DP),0,5,0.6525
LF,TrimmedMean (non-DP),0,10,0.73
LF,TrimmedMean (non-DP),0,15,0.7456
LF,TrimmedMean (non-DP),0,20,0.7623
LF,TrimmedMean (non-DP),0,25,0.7678
LF,TrimmedMean (non-DP),0,30,0.7769
LF,TrimmedMean (non-DP),0,35,0.779
LF,TrimmedMean (non-DP),0,40,0.7936
LF,TrimmedMean (non-DP),0,45,0.8014
LF,TrimmedMean (non-DP),0,50,0.7975
LF,TrimmedMean (non-DP),0,55,0.8025
LF,TrimmedMean (non-DP),0,60,0.8017
LF,TrimmedMean (non-DP),0,65,0.8051
LF,TrimmedMean (non-DP),0,70,0.8055
LF,TrimmedMean (non-DP),0,75,0.8097
LF,TrimmedMean (non-DP),0,80,0.8104
LF,TrimmedMean (non-DP),0,85,0.8129
LF,TrimmedMean (non-DP),0,90,0.8109
LF,TrimmedMean (non-DP),0,95,0.8149
LF,TrimmedMean (non-DP),0,100,0.817
LF,TrimmedMean (non-DP),0,105,0.8159
LF,TrimmedMean (non-DP),0,110,0.82
LF,TrimmedMean (non-DP),0,115,0.8207
LF,TrimmedMean (non-DP),0,120,0.8219
LF,TrimmedMean (non-DP),0,125,0.8237
LF,TrimmedMean (non-DP),0,130,0.8236
LF,TrimmedMean (non-DP),0,135,0.8237
LF,TrimmedMean (non-DP),0,140,0.8241
LF,TrimmedMean (non-DP),0,145,0.8229
LF,TrimmedMean (non-DP),0,150,0.8244
LF,TrimmedMean (non-DP),0,155,0.828
LF,TrimmedMean (non-DP),0,160,0.8262
LF,TrimmedMean (non-DP),0,165,0.8272
LF,TrimmedMean (non-DP),0,170,0.8262
LF,TrimmedMean (non-DP),0,175,0.8263
LF,TrimmedMean (non-DP),0,180,0.8279
LF,TrimmedMean (non-DP),1,0,0.1713
LF,TrimmedMean (non-DP),1,5,0.6328
LF,TrimmedMean (non-DP),1,10,0.6919
LF,TrimmedMean (non-DP),1,15,0.7135
LF,TrimmedMean (non-DP),1,20,0.7339
LF,TrimmedMean (non-DP),1,25,0.753
LF,TrimmedMean (non-DP),1,30,0.7578
LF,TrimmedMean (non-DP),1,35,0.7644
LF,TrimmedMean (non-DP),1,40,0.7732
LF,TrimmedMean (non-DP),1,45,0.7745
LF,TrimmedMean (non-DP),1,50,0.783
LF,TrimmedMean (non-DP),1,55,0.7823
LF,TrimmedMean (non-DP),1,60,0.7913
LF,TrimmedMean (non-DP),1,65,0.7906
LF,TrimmedMean (non-DP),1,70,0.7958
LF,TrimmedMean (non-DP),1,75,0.7919
LF,TrimmedMean (non-DP),1,80,0.7981
LF,TrimmedMean (non-DP),1,85,0.8015
LF,TrimmedMean (non-DP),1,90,0.8035
LF,TrimmedMean (non-DP),1,95,0.8095
LF,TrimmedMean (non-DP),1,100,0.8104
LF,TrimmedMean (non-DP),1,105,0.8123
LF,TrimmedMean (non-DP),1,110,0.8105
LF,TrimmedMean (non-DP),1,115,0.8137
LF,TrimmedMean (non-DP),1,120,0.8191
LF,TrimmedMean (non-DP),1,125,0.8151
LF,TrimmedMean (non-DP),1,130,0.8177
LF,TrimmedMean (non-DP),1,135,0.8143
LF,TrimmedMean (non-DP),1,140,0.8199
LF,TrimmedMean (non-DP),1,145,0.8185
LF,TrimmedMean (non-DP),1,150,0.8214
LF,TrimmedMean (non-DP),1,155,0.8219
LF,TrimmedMean (non-DP),1,160,0.8263
LF,TrimmedMean (non-DP),1,165,0.8226
LF,TrimmedMean (non-DP),1,170,0.829
LF,TrimmedMean (non-DP),1,175,0.8276
LF,TrimmedMean (non-DP),1,180,0.825
LF,TrimmedMean (non-DP),2,0,0.1001
LF,TrimmedMean (non-DP),2,5,0.6532
LF,TrimmedMean (non-DP),2,10,0.7275
LF,TrimmedMean (non-DP),2,15,0.7399
LF,TrimmedMean (non-DP),2,20,0.7486
LF,TrimmedMean (non-DP),2,25,0.7517
LF,TrimmedMean (non-DP),2,30,0.7551
LF,TrimmedMean (non-DP),2,35,0.7616
LF,TrimmedMean (non-DP),2,40,0.7685
LF,TrimmedMean (non-DP),2,45,0.7731
LF,TrimmedMean (non-DP),2,50,0.7786
LF,TrimmedMean (non-DP),2,55,0.7746
LF,TrimmedMean (non-DP),2,60,0.7781
LF,TrimmedMean (non-DP),2,65,0.7821
LF,TrimmedMean (non-DP),2,70,0.7863
LF,TrimmedMean (non-DP),2,75,0.7878
LF,TrimmedMean (non-DP),2,80,0.7874
LF,TrimmedMean (non-DP),2,85,0.7951
LF,TrimmedMean (non-DP),2,90,0.7983
LF,TrimmedMean (non-DP),2,95,0.7929
LF,TrimmedMean (non-DP),2,100,0.7997
LF,TrimmedMean (non-DP),2,105,0.8005
LF,TrimmedMean (non-DP),2,110,0.8032
LF,TrimmedMean (non-DP),2,115,0.8089
LF,TrimmedMean (non-DP),2,120,0.806
LF,TrimmedMean (non-DP),2,125,0.8117
LF,TrimmedMean (non-DP),2,130,0.8123
LF,TrimmedMean (non-DP),2,135,0.8134
LF,TrimmedMean (non-DP),2,140,0.806
LF,TrimmedMean (non-DP),2,145,0.8152
LF,TrimmedMean (non-DP),2,150,0.8174
LF,TrimmedMean (non-DP),2,155,0.8151
LF,TrimmedMean (non-DP),2,160,0.8216
LF,TrimmedMean (non-DP),2,165,0.82
LF,TrimmedMean (non-DP),2,170,0.82
LF,TrimmedMean (non-DP),2,175,0.8206
LF,TrimmedMean (non-DP),2,180,0.8231
LF,Krum (non-DP),0,0,0.0427
LF,Krum (non-DP),0,5,0.4308
LF,Krum (non-DP),0,10,0.6384
LF,Krum (non-DP),0,15,0.6064
LF,Krum (non-DP),0,20,0.6754
LF,Krum (non-DP),0,25,0.6565
LF,Krum (non-DP),0,30,0.6611
LF,Krum (non-DP),0,35,0.6262
LF,Krum (non-DP),0,40,0.6484
LF,Krum (non-DP),0,45,0.686
LF,Krum (non-DP),0,50,0.697
LF,Krum (non-DP),0,55,0.7092
LF,Krum (non-DP),0,60,0.6794
LF,Krum (non-DP),0,65,0.6978
LF,Krum (non-DP),0,70,0.7182
LF,Krum (non-DP),0,75,0.7109
LF,Krum (non-DP),0,80,0.6943
LF,Krum (non-DP),0,85,0.7342
LF,Krum (non-DP),0,90,0.7355
LF,Krum (non-DP),0,95,0.7326
LF,Krum (non-DP),0,100,0.7307
LF,Krum (non-DP),0,105,0.7333
LF,Krum (non-DP),0,110,0.734
LF,Krum (non-DP),0,115,0.7291
LF,Krum (non-DP),0,120,0.7331
LF,Krum (non-DP),0,125,0.7274
LF,Krum (non-DP),0,130,0.7247
LF,Krum (non-DP),0,135,0.7296
LF,Krum (non-DP),0,140,0.7372
LF,Krum (non-DP),0,145,0.7368
LF,Krum (non-DP),0,150,0.7322
LF,Krum (non-DP),0,155,0.7314
LF,Krum (non-DP),0,160,0.7321
LF,Krum (non-DP),0,165,0.7392
LF,Krum (non-DP),0,170,0.7401
LF,Krum (non-DP),0,175,0.7407
LF,Krum (non-DP),0,180,0.7403
LF,Krum (non-DP),1,0,0.1713
LF,Krum (non-DP),1,5,0.3444
LF,Krum (non-DP),1,10,0.5136
LF,Krum (non-DP),1,15,0.5245
LF,Krum (non-DP),1,20,0.524
LF,Krum (non-DP),1,25,0.488
LF,Krum (non-DP),1,30,0.5873
LF,Krum (non-DP),1,35,0.5853
LF,Krum (non-DP),1,40,0.5659
LF,Krum (non-DP),1,45,0.5928
LF,Krum (non-DP),1,50,0.5859
LF,Krum (non-DP),1,55,0.64
LF,Krum (non-DP),1,60,0.6304
LF,Krum (non-DP),1,65,0.6607
LF,Krum (non-DP),1,70,0.6645
LF,Krum (non-DP),1,75,0.6676
LF,Krum (non-DP),1,80,0.665
LF,Krum (non-DP),1,85,0.685
LF,Krum (non-DP),1,90,0.7054
LF,Krum (non-DP),1,95,0.7084
LF,Krum (non-DP),1,100,0.7077
LF,Krum (non-DP),1,105,0.7107
LF,Krum (non-DP),1,110,0.7095
LF,Krum (non-DP),1,115,0.7101
LF,Krum (non-DP),1,120,0.7123
LF,Krum (non-DP),1,125,0.7058
LF,Krum (non-DP),1,130,0.7095
LF,Krum (non-DP),1,135,0.7112
LF,Krum (non-DP),1,140,0.7098
LF,Krum (non-DP),1,145,0.7016
LF,Krum (non-DP),1,150,0.7131
LF,Krum (non-DP),1,155,0.7188
LF,Krum (non-DP),1,160,0.6959
LF,Krum (non-DP),1,165,0.7047
LF,Krum (non-DP),1,170,0.7081
LF,Krum (non-DP),1,175,0.7097
LF,Krum (non-DP),1,180,0.7046
LF,Krum (non-DP),2,0,0.1001
LF,Krum (non-DP),2,5,0.4257
LF,Krum (non-DP),2,10,0.6064
LF,Krum (non-DP),2,15,0.6468
LF,Krum (non-DP),2,20,0.6346
LF,Krum (non-DP),2,25,0.7106
LF,Krum (non-DP),2,30,0.6829
LF,Krum (non-DP),2,35,0.7041
LF,Krum (non-DP),2,40,0.711
LF,Krum (non-DP),2,45,0.6849
LF,Krum (non-DP),2,50,0.7258
LF,Krum (non-DP),2,55,0.7175
LF,Krum (non-DP),2,60,0.7112
LF,Krum (non-DP),2,65,0.7188
LF,Krum (non-DP),2,70,0.7179
LF,Krum (non-DP),2,75,0.7148
LF,Krum (non-DP),2,80,0.6684
LF,Krum (non-DP),2,85,0.7165
LF,Krum (non-DP),2,90,0.7208
LF,Krum (non-DP),2,95,0.7251
LF,Krum (non-DP),2,100,0.7301
LF,Krum (non-DP),2,105,0.7264
LF,Krum (non-DP),2,110,0.7263
LF,Krum (non-DP),2,115,0.7183
LF,Krum (non-DP),2,120,0.7256
LF,Krum (non-DP),2,125,0.7249
LF,Krum (non-DP),2,130,0.7235
LF,Krum (non-DP),2,135,0.7295
LF,Krum (non-DP),2,140,0.7289
LF,Krum (non-DP),2,145,0.7307
LF,Krum (non-DP),2,150,0.7203
LF,Krum (non-DP),2,155,0.726
LF,Krum (non-DP),2,160,0.72
LF,Krum (non-DP),2,165,0.7126
LF,Krum (non-DP),2,170,0.7149
LF,Krum (non-DP),2,175,0.7201
LF,Krum (non-DP),2,180,0.7244
LF,Bulyan (non-DP),0,0,0.0427
LF,Bulyan (non-DP),0,5,0.6742
LF,Bulyan (non-DP),0,10,0.7278
LF,Bulyan (non-DP),0,15,0.727
LF,Bulyan (non-DP),0,20,0.7552
LF,Bulyan (non-DP),0,25,0.7583
LF,Bulyan (non-DP),0,30,0.7726
LF,Bulyan (non-DP),0,35,0.7771
LF,Bulyan (non-DP),0,40,0.7802
LF,Bulyan (non-DP),0,45,0.7786
LF,Bulyan (non-DP),0,50,0.7891
LF,Bulyan (non-DP),0,55,0.7915
LF,Bulyan (non-DP),0,60,0.7909
LF,Bulyan (non-DP),0,65,0.7902
LF,Bulyan (non-DP),0,70,0.7958
LF,Bulyan (non-DP),0,75,0.7953
LF,Bulyan (non-DP),0,80,0.7966
LF,Bulyan (non-DP),0,85,0.7983
LF,Bulyan (non-DP),0,90,0.8
LF,Bulyan (non-DP),0,95,0.8007
LF,Bulyan (non-DP),0,100,0.8033
LF,Bulyan (non-DP),0,105,0.8031
LF,Bulyan (non-DP),0,110,0.8049
LF,Bulyan (non-DP),0,115,0.8062
LF,Bulyan (non-DP),0,120,0.8068
LF,Bulyan (non-DP),0,125,0.8063
LF,Bulyan (non-DP),0,130,0.8083
LF,Bulyan (non-DP),0,135,0.8096
LF,Bulyan (non-DP),0,140,0.8098
LF,Bulyan (non-DP),0,145,0.8117
LF,Bulyan (non-DP),0,150,0.8125
LF,Bulyan (non-DP),0,155,0.8124
LF,Bulyan (non-DP),0,160,0.8122
LF,Bulyan (non-DP),0,165,0.8126
LF,Bulyan (non-DP),0,170,0.8154
LF,Bulyan (non-DP),0,175,0.8149
LF,Bulyan (non-DP),0,180,0.8165
LF,Bulyan (non-DP),1,0,0.1713
LF,Bulyan (non-DP),1,5,0.6145
LF,Bulyan (non-DP),1,10,0.6989
LF,Bulyan (non-DP),1,15,0.7199
LF,Bulyan (non-DP),1,20,0.7315
LF,Bulyan (non-DP),1,25,0.7482
LF,Bulyan (non-DP),1,30,0.7474
LF,Bulyan (non-DP),1,35,0.758
LF,Bulyan (non-DP),1,40,0.7601
LF,Bulyan (non-DP),1,45,0.7651
LF,Bulyan (non-DP),1,50,0.7683
LF,Bulyan (non-DP),1,55,0.7709
LF,Bulyan (non-DP),1,60,0.7742
LF,Bulyan (non-DP),1,65,0.7785
LF,Bulyan (non-DP),1,70,0.7765
LF,Bulyan (non-DP),1,75,0.7833
LF,Bulyan (non-DP),1,80,0.784
LF,Bulyan (non-DP),1,85,0.786
LF,Bulyan (non-DP),1,90,0.7876
LF,Bulyan (non-DP),1,95,0.7909
LF,Bulyan (non-DP),1,100,0.7898
LF,Bulyan (non-DP),1,105,0.7932
LF,Bulyan (non-DP),1,110,0.7933
LF,Bulyan (non-DP),1,115,0.7944
LF,Bulyan (non-DP),1,120,0.796
LF,Bulyan (non-DP),1,125,0.7977
LF,Bulyan (non-DP),1,130,0.798
LF,Bulyan (non-DP),1,135,0.8007
LF,Bulyan (non-DP),1,140,0.8009
LF,Bulyan (non-DP),1,145,0.8022
LF,Bulyan (non-DP),1,150,0.8017
LF,Bulyan (non-DP),1,155,0.8036
LF,Bulyan (non-DP),1,160,0.8045
LF,Bulyan (non-DP),1,165,0.8059
LF,Bulyan (non-DP),1,170,0.8069
LF,Bulyan (non-DP),1,175,0.8074
LF,Bulyan (non-DP),1,180,0.8068
LF,Bulyan (non-DP),2,0,0.1001
LF,Bulyan (non-DP),2,5,0.6161
LF,Bulyan (non-DP),2,10,0.7025
LF,Bulyan (non-DP),2,15,0.7325
LF,Bulyan (non-DP),2,20,0.7485
LF,Bulyan (non-DP),2,25,0.754
LF,Bulyan (non-DP),2,30,0.758
LF,Bulyan (non-DP),2,35,0.7639
LF,Bulyan (non-DP),2,40,0.7717
LF,Bulyan (non-DP),2,45,0.7764
LF,Bulyan (non-DP),2,50,0.7736
LF,Bulyan (non-DP),2,55,0.7812
LF,Bulyan (non-DP),2,60,0.7806
LF,Bulyan (non-DP),2,65,0.7822
LF,Bulyan (non-DP),2,70,0.7871
LF,Bulyan (non-DP),2,75,0.7855
LF,Bulyan (non-DP),2,80,0.7918
LF,Bulyan (non-DP),2,85,0.7932
LF,Bulyan (non-DP),2,90,0.7939
LF,Bulyan (non-DP),2,95,0.794
LF,Bulyan (non-DP),2,100,0.7957
LF,Bulyan (non-DP),2,105,0.7985
LF,Bulyan (non-DP),2,110,0.7964
LF,Bulyan (non-DP),2,115,0.8007
LF,Bulyan (non-DP),2,120,0.7976
LF,Bulyan (non-DP),2,125,0.8023
LF,Bulyan (non-DP),2,130,0.8026
LF,Bulyan (non-DP),2,135,0.8023
LF,Bulyan (non-DP),2,140,0.8016
LF,Bulyan (non-DP),2,145,0.8011
LF,Bulyan (non-DP),2,150,0.8044
LF,Bulyan (non-DP),2,155,0.8045
LF,Bulyan (non-DP),2,160,0.8049
LF,Bulyan (non-DP),2,165,0.8067
LF,Bulyan (non-DP),2,170,0.8061
LF,Bulyan (non-DP),2,175,0.806
LF,Bulyan (non-DP),2,180,0.807
ALIE,DP-FedAvg,0,0,0.0427
ALIE,DP-FedAvg,0,5,0.5999
ALIE,DP-FedAvg,0,10,0.7191
ALIE,DP-FedAvg,0,15,0.7253
ALIE,DP-FedAvg,0,20,0.7379
ALIE,DP-FedAvg,0,25,0.7561
ALIE,DP-FedAvg,0,30,0.7536
ALIE,DP-FedAvg,0,35,0.766
ALIE,DP-FedAvg,0,40,0.7723
ALIE,DP-FedAvg,0,45,0.7792
ALIE,DP-FedAvg,0,50,0.7665
ALIE,DP-FedAvg,0,55,0.7642
ALIE,DP-FedAvg,0,60,0.7687
ALIE,DP-FedAvg,0,65,0.7515
ALIE,DP-FedAvg,0,70,0.7511
ALIE,DP-FedAvg,0,75,0.7476
ALIE,DP-FedAvg,0,80,0.738
ALIE,DP-FedAvg,0,85,0.7355
ALIE,DP-FedAvg,0,90,0.7424
ALIE,DP-FedAvg,0,95,0.7606
ALIE,DP-FedAvg,0,100,0.7361
ALIE,DP-FedAvg,0,105,0.7331
ALIE,DP-FedAvg,0,110,0.7285
ALIE,DP-FedAvg,0,115,0.7365
ALIE,DP-FedAvg,0,120,0.7079
ALIE,DP-FedAvg,0,125,0.7159
ALIE,DP-FedAvg,0,130,0.7046
ALIE,DP-FedAvg,0,135,0.6915
ALIE,DP-FedAvg,0,140,0.704
ALIE,DP-FedAvg,0,145,0.6968
ALIE,DP-FedAvg,0,150,0.6672
ALIE,DP-FedAvg,0,155,0.6791
ALIE,DP-FedAvg,0,160,0.6798
ALIE,DP-FedAvg,0,165,0.6726
ALIE,DP-FedAvg,0,170,0.6637
ALIE,DP-FedAvg,0,175,0.6688
ALIE,DP-FedAvg,0,180,0.6597
ALIE,DP-FedAvg,1,0,0.1713
ALIE,DP-FedAvg,1,5,0.5681
ALIE,DP-FedAvg,1,10,0.6893
ALIE,DP-FedAvg,1,15,0.7293
ALIE,DP-FedAvg,1,20,0.7443
ALIE,DP-FedAvg,1,25,0.7373
ALIE,DP-FedAvg,1,30,0.7452
ALIE,DP-FedAvg,1,35,0.749
ALIE,DP-FedAvg,1,40,0.7477
ALIE,DP-FedAvg,1,45,0.7555
ALIE,DP-FedAvg,1,50,0.7541
ALIE,DP-FedAvg,1,55,0.7495
ALIE,DP-FedAvg,1,60,0.7488
ALIE,DP-FedAvg,1,65,0.7546
ALIE,DP-FedAvg,1,70,0.7432
ALIE,DP-FedAvg,1,75,0.7416
ALIE,DP-FedAvg,1,80,0.7402
ALIE,DP-FedAvg,1,85,0.729
ALIE,DP-FedAvg,1,90,0.7206
ALIE,DP-FedAvg,1,95,0.6684
ALIE,DP-FedAvg,1,100,0.6973
ALIE,DP-FedAvg,1,105,0.6712
ALIE,DP-FedAvg,1,110,0.656
ALIE,DP-FedAvg,1,115,0.6446
ALIE,DP-FedAvg,1,120,0.6561
ALIE,DP-FedAvg,1,125,0.65
ALIE,DP-FedAvg,1,130,0.6535
ALIE,DP-FedAvg,1,135,0.6591
ALIE,DP-FedAvg,1,140,0.6496
ALIE,DP-FedAvg,1,145,0.6439
ALIE,DP-FedAvg,1,150,0.6382
ALIE,DP-FedAvg,1,155,0.6406
ALIE,DP-FedAvg,1,160,0.6377
ALIE,DP-FedAvg,1,165,0.5944
ALIE,DP-FedAvg,1,170,0.5962
ALIE,DP-FedAvg,1,175,0.6022
ALIE,DP-FedAvg,1,180,0.5901
ALIE,DP-FedAvg,2,0,0.1001
ALIE,DP-FedAvg,2,5,0.5953
ALIE,DP-FedAvg,2,10,0.7205
ALIE,DP-FedAvg,2,15,0.7415
ALIE,DP-FedAvg,2,20,0.754
ALIE,DP-FedAvg,2,25,0.768
ALIE,DP-FedAvg,2,30,0.7623
ALIE,DP-FedAvg,2,35,0.7748
ALIE,DP-FedAvg,2,40,0.7703
ALIE,DP-FedAvg,2,45,0.7742
ALIE,DP-FedAvg,2,50,0.7674
ALIE,DP-FedAvg,2,55,0.7629
ALIE,DP-FedAvg,2,60,0.7654
ALIE,DP-FedAvg,2,65,0.76
ALIE,DP-FedAvg,2,70,0.7574
ALIE,DP-FedAvg,2,75,0.7659
ALIE,DP-FedAvg,2,80,0.7598
ALIE,DP-FedAvg,2,85,0.7504
ALIE,DP-FedAvg,2,90,0.7479
ALIE,DP-FedAvg,2,95,0.7532
ALIE,DP-FedAvg,2,100,0.742
ALIE,DP-FedAvg,2,105,0.7481
ALIE,DP-FedAvg,2,110,0.7489
ALIE,DP-FedAvg,2,115,0.7253
ALIE,DP-FedAvg,2,120,0.7432
ALIE,DP-FedAvg,2,125,0.7208
ALIE,DP-FedAvg,2,130,0.7238
ALIE,DP-FedAvg,2,135,0.7196
ALIE,DP-FedAvg,2,140,0.7291
ALIE,DP-FedAvg,2,145,0.7251
ALIE,DP-FedAvg,2,150,0.724
ALIE,DP-FedAvg,2,155,0.7093
ALIE,DP-FedAvg,2,160,0.7197
ALIE,DP-FedAvg,2,165,0.7095
ALIE,DP-FedAvg,2,170,0.6977
ALIE,DP-FedAvg,2,175,0.6865
ALIE,DP-FedAvg,2,180,0.6963
ALIE,FedVRDP,0,0,0.0427
ALIE,FedVRDP,0,5,0.4524
ALIE,FedVRDP,0,10,0.593
ALIE,FedVRDP,0,15,0.6585
ALIE,FedVRDP,0,20,0.6564
ALIE,FedVRDP,0,25,0.6825
ALIE,FedVRDP,0,30,0.7028
ALIE,FedVRDP,0,35,0.7235
ALIE,FedVRDP,0,40,0.7308
ALIE,FedVRDP,0,45,0.7351
ALIE,FedVRDP,0,50,0.7437
ALIE,FedVRDP,0,55,0.7452
ALIE,FedVRDP,0,60,0.7475
ALIE,FedVRDP,0,65,0.7567
ALIE,FedVRDP,0,70,0.7655
ALIE,FedVRDP,0,75,0.7642
ALIE,FedVRDP,0,80,0.7625
ALIE,FedVRDP,0,85,0.7592
ALIE,FedVRDP,0,90,0.7584
ALIE,FedVRDP,0,95,0.7577
ALIE,FedVRDP,0,100,0.7609
ALIE,FedVRDP,0,105,0.7489
ALIE,FedVRDP,0,110,0.7614
ALIE,FedVRDP,0,115,0.7639
ALIE,FedVRDP,0,120,0.7644
ALIE,FedVRDP,0,125,0.7628
ALIE,FedVRDP,0,130,0.7579
ALIE,FedVRDP,0,135,0.7624
ALIE,FedVRDP,0,140,0.7636
ALIE,FedVRDP,0,145,0.7611
ALIE,FedVRDP,0,150,0.7566
ALIE,FedVRDP,0,155,0.7535
ALIE,FedVRDP,0,160,0.7486
ALIE,FedVRDP,0,165,0.7473
ALIE,FedVRDP,0,170,0.7404
ALIE,FedVRDP,0,175,0.7374
ALIE,FedVRDP,0,180,0.7286
ALIE,FedVRDP,1,0,0.1713
ALIE,FedVRDP,1,5,0.4561
ALIE,FedVRDP,1,10,0.5976
ALIE,FedVRDP,1,15,0.632
ALIE,FedVRDP,1,20,0.6593
ALIE,FedVRDP,1,25,0.6892
ALIE,FedVRDP,1,30,0.7084
ALIE,FedVRDP,1,35,0.7202
ALIE,FedVRDP,1,40,0.7311
ALIE,FedVRDP,1,45,0.7381
ALIE,FedVRDP,1,50,0.7387
ALIE,FedVRDP,1,55,0.7372
ALIE,FedVRDP,1,60,0.7329
ALIE,FedVRDP,1,65,0.7425
ALIE,FedVRDP,1,70,0.7458
ALIE,FedVRDP,1,75,0.7407
ALIE,FedVRDP,1,80,0.7487
ALIE,FedVRDP,1,85,0.7422
ALIE,FedVRDP,1,90,0.7478
ALIE,FedVRDP,1,95,0.7403
ALIE,FedVRDP,1,100,0.7431
ALIE,FedVRDP,1,105,0.7436
ALIE,FedVRDP,1,110,0.7387
ALIE,FedVRDP,1,115,0.7381
ALIE,FedVRDP,1,120,0.7361
ALIE,FedVRDP,1,125,0.733
ALIE,FedVRDP,1,130,0.7207
ALIE,FedVRDP,1,135,0.7159
ALIE,FedVRDP,1,140,0.7238
ALIE,FedVRDP,1,145,0.7186
ALIE,FedVRDP,1,150,0.7153
ALIE,FedVRDP,1,155,0.7069
ALIE,FedVRDP,1,160,0.7011
ALIE,FedVRDP,1,165,0.6914
ALIE,FedVRDP,1,170,0.695
ALIE,FedVRDP,1,175,0.6879
ALIE,FedVRDP,1,180,0.6868
ALIE,FedVRDP,2,0,0.1001
ALIE,FedVRDP,2,5,0.4077
ALIE,FedVRDP,2,10,0.5497
ALIE,FedVRDP,2,15,0.646
ALIE,FedVRDP,2,20,0.6838
ALIE,FedVRDP,2,25,0.7065
ALIE,FedVRDP,2,30,0.7237
ALIE,FedVRDP,2,35,0.7239
ALIE,FedVRDP,2,40,0.7109
ALIE,FedVRDP,2,45,0.7208
ALIE,FedVRDP,2,50,0.7317
ALIE,FedVRDP,2,55,0.724
ALIE,FedVRDP,2,60,0.74
ALIE,FedVRDP,2,65,0.7424
ALIE,FedVRDP,2,70,0.7443
ALIE,FedVRDP,2,75,0.7472
ALIE,FedVRDP,2,80,0.7415
ALIE,FedVRDP,2,85,0.7465
ALIE,FedVRDP,2,90,0.7445
ALIE,FedVRDP,2,95,0.736
ALIE,FedVRDP,2,100,0.7354
ALIE,FedVRDP,2,105,0.7265
ALIE,FedVRDP,2,110,0.7227
ALIE,FedVRDP,2,115,0.7208
ALIE,FedVRDP,2,120,0.7174
ALIE,FedVRDP,2,125,0.716
ALIE,FedVRDP,2,130,0.719
ALIE,FedVRDP,2,135,0.7226
ALIE,FedVRDP,2,140,0.7187
ALIE,FedVRDP,2,145,0.7145
ALIE,FedVRDP,2,150,0.7163
ALIE,FedVRDP,2,155,0.7108
ALIE,FedVRDP,2,160,0.7148
ALIE,FedVRDP,2,165,0.7105
ALIE,FedVRDP,2,170,0.7068
ALIE,FedVRDP,2,175,0.7072
ALIE,FedVRDP,2,180,0.7036
ALIE,AG-PTR,0,0,0.0427
ALIE,AG-PTR,0,5,0.6075
ALIE,AG-PTR,0,10,0.5992
ALIE,AG-PTR,0,15,0.7034
ALIE,AG-PTR,0,20,0.7047
ALIE,AG-PTR,0,25,0.7123
ALIE,AG-PTR,0,30,0.7502
ALIE,AG-PTR,0,35,0.7233
ALIE,AG-PTR,0,40,0.7461
ALIE,AG-PTR,0,45,0.7538
ALIE,AG-PTR,0,50,0.7639
ALIE,AG-PTR,0,55,0.7607
ALIE,AG-PTR,0,60,0.7607
ALIE,AG-PTR,0,65,0.7607
ALIE,AG-PTR,0,70,0.7607
ALIE,AG-PTR,0,75,0.7607
ALIE,AG-PTR,0,80,0.7607
ALIE,AG-PTR,0,85,0.7566
ALIE,AG-PTR,0,90,0.7519
ALIE,AG-PTR,0,95,0.771
ALIE,AG-PTR,0,100,0.7607
ALIE,AG-PTR,0,105,0.7595
ALIE,AG-PTR,0,110,0.7715
ALIE,AG-PTR,0,115,0.7686
ALIE,AG-PTR,0,120,0.7806
ALIE,AG-PTR,0,125,0.765
ALIE,AG-PTR,0,130,0.7655
ALIE,AG-PTR,0,135,0.7465
ALIE,AG-PTR,0,140,0.7568
ALIE,AG-PTR,0,145,0.763
ALIE,AG-PTR,0,150,0.7646
ALIE,AG-PTR,0,155,0.7646
ALIE,AG-PTR,0,160,0.7646
ALIE,AG-PTR,0,165,0.7627
ALIE,AG-PTR,0,170,0.7579
ALIE,AG-PTR,0,175,0.7684
ALIE,AG-PTR,0,180,0.7634
ALIE,AG-PTR,1,0,0.1713
ALIE,AG-PTR,1,5,0.6087
ALIE,AG-PTR,1,10,0.6804
ALIE,AG-PTR,1,15,0.6978
ALIE,AG-PTR,1,20,0.7032
ALIE,AG-PTR,1,25,0.7032
ALIE,AG-PTR,1,30,0.7032
ALIE,AG-PTR,1,35,0.7032
ALIE,AG-PTR,1,40,0.7032
ALIE,AG-PTR,1,45,0.7032
ALIE,AG-PTR,1,50,0.702
ALIE,AG-PTR,1,55,0.7478
ALIE,AG-PTR,1,60,0.7421
ALIE,AG-PTR,1,65,0.7438
ALIE,AG-PTR,1,70,0.758
ALIE,AG-PTR,1,75,0.7602
ALIE,AG-PTR,1,80,0.7577
ALIE,AG-PTR,1,85,0.7418
ALIE,AG-PTR,1,90,0.7484
ALIE,AG-PTR,1,95,0.7572
ALIE,AG-PTR,1,100,0.7236
ALIE,AG-PTR,1,105,0.7638
ALIE,AG-PTR,1,110,0.759
ALIE,AG-PTR,1,115,0.759
ALIE,AG-PTR,1,120,0.759
ALIE,AG-PTR,1,125,0.764
ALIE,AG-PTR,1,130,0.7468
ALIE,AG-PTR,1,135,0.7528
ALIE,AG-PTR,1,140,0.7502
ALIE,AG-PTR,1,145,0.7418
ALIE,AG-PTR,1,150,0.7616
ALIE,AG-PTR,1,155,0.7596
ALIE,AG-PTR,1,160,0.7557
ALIE,AG-PTR,1,165,0.7451
ALIE,AG-PTR,1,170,0.7487
ALIE,AG-PTR,1,175,0.7579
ALIE,AG-PTR,1,180,0.7579
ALIE,AG-PTR,2,0,0.1001
ALIE,AG-PTR,2,5,0.452
ALIE,AG-PTR,2,10,0.6965
ALIE,AG-PTR,2,15,0.7151
ALIE,AG-PTR,2,20,0.7111
ALIE,AG-PTR,2,25,0.7291
ALIE,AG-PTR,2,30,0.7441
ALIE,AG-PTR,2,35,0.7442
ALIE,AG-PTR,2,40,0.7374
ALIE,AG-PTR,2,45,0.7634
ALIE,AG-PTR,2,50,0.7636
ALIE,AG-PTR,2,55,0.774
ALIE,AG-PTR,2,60,0.7617
ALIE,AG-PTR,2,65,0.7517
ALIE,AG-PTR,2,70,0.7682
ALIE,AG-PTR,2,75,0.7722
ALIE,AG-PTR,2,80,0.7781
ALIE,AG-PTR,2,85,0.7648
ALIE,AG-PTR,2,90,0.778
ALIE,AG-PTR,2,95,0.7817
ALIE,AG-PTR,2,100,0.7817
ALIE,AG-PTR,2,105,0.7683
ALIE,AG-PTR,2,110,0.7481
ALIE,AG-PTR,2,115,0.7733
ALIE,AG-PTR,2,120,0.7732
ALIE,AG-PTR,2,125,0.7749
ALIE,AG-PTR,2,130,0.7723
ALIE,AG-PTR,2,135,0.7694
ALIE,AG-PTR,2,140,0.7757
ALIE,AG-PTR,2,145,0.7753
ALIE,AG-PTR,2,150,0.7697
ALIE,AG-PTR,2,155,0.7697
ALIE,AG-PTR,2,160,0.7697
ALIE,AG-PTR,2,165,0.7641
ALIE,AG-PTR,2,170,0.766
ALIE,AG-PTR,2,175,0.751
ALIE,AG-PTR,2,180,0.7586
ALIE,Median (non-DP),0,0,0.0427
ALIE,Median (non-DP),0,5,0.3979
ALIE,Median (non-DP),0,10,0.6263
ALIE,Median (non-DP),0,15,0.6371
ALIE,Median (non-DP),0,20,0.7002
ALIE,Median (non-DP),0,25,0.7097
ALIE,Median (non-DP),0,30,0.7112
ALIE,Median (non-DP),0,35,0.7209
ALIE,Median (non-DP),0,40,0.6964
ALIE,Median (non-DP),0,45,0.7027
ALIE,Median (non-DP),0,50,0.7236
ALIE,Median (non-DP),0,55,0.7245
ALIE,Median (non-DP),0,60,0.7223
ALIE,Median (non-DP),0,65,0.7214
ALIE,Median (non-DP),0,70,0.7336
ALIE,Median (non-DP),0,75,0.7295
ALIE,Median (non-DP),0,80,0.7303
ALIE,Median (non-DP),0,85,0.7354
ALIE,Median (non-DP),0,90,0.7288
ALIE,Median (non-DP),0,95,0.7277
ALIE,Median (non-DP),0,100,0.7349
ALIE,Median (non-DP),0,105,0.7388
ALIE,Median (non-DP),0,110,0.7336
ALIE,Median (non-DP),0,115,0.7356
ALIE,Median (non-DP),0,120,0.7357
ALIE,Median (non-DP),0,125,0.7391
ALIE,Median (non-DP),0,130,0.7338
ALIE,Median (non-DP),0,135,0.7349
ALIE,Median (non-DP),0,140,0.7357
ALIE,Median (non-DP),0,145,0.7401
ALIE,Median (non-DP),0,150,0.7403
ALIE,Median (non-DP),0,155,0.7341
ALIE,Median (non-DP),0,160,0.7395
ALIE,Median (non-DP),0,165,0.7417
ALIE,Median (non-DP),0,170,0.7417
ALIE,Median (non-DP),0,175,0.7434
ALIE,Median (non-DP),0,180,0.7362
ALIE,Median (non-DP),1,0,0.1713
ALIE,Median (non-DP),1,5,0.4843
ALIE,Median (non-DP),1,10,0.5643
ALIE,Median (non-DP),1,15,0.6584
ALIE,Median (non-DP),1,20,0.6372
ALIE,Median (non-DP),1,25,0.6509
ALIE,Median (non-DP),1,30,0.6562
ALIE,Median (non-DP),1,35,0.663
ALIE,Median (non-DP),1,40,0.67
ALIE,Median (non-DP),1,45,0.6916
ALIE,Median (non-DP),1,50,0.6982
ALIE,Median (non-DP),1,55,0.7063
ALIE,Median (non-DP),1,60,0.7124
ALIE,Median (non-DP),1,65,0.7021
ALIE,Median (non-DP),1,70,0.72
ALIE,Median (non-DP),1,75,0.7266
ALIE,Median (non-DP),1,80,0.7188
ALIE,Median (non-DP),1,85,0.721
ALIE,Median (non-DP),1,90,0.7242
ALIE,Median (non-DP),1,95,0.7214
ALIE,Median (non-DP),1,100,0.7328
ALIE,Median (non-DP),1,105,0.7346
ALIE,Median (non-DP),1,110,0.7344
ALIE,Median (non-DP),1,115,0.7383
ALIE,Median (non-DP),1,120,0.7387
ALIE,Median (non-DP),1,125,0.7383
ALIE,Median (non-DP),1,130,0.7425
ALIE,Median (non-DP),1,135,0.7394
ALIE,Median (non-DP),1,140,0.7412
ALIE,Median (non-DP),1,145,0.744
ALIE,Median (non-DP),1,150,0.7438
ALIE,Median (non-DP),1,155,0.7422
ALIE,Median (non-DP),1,160,0.7477
ALIE,Median (non-DP),1,165,0.7411
ALIE,Median (non-DP),1,170,0.7436
ALIE,Median (non-DP),1,175,0.7396
ALIE,Median (non-DP),1,180,0.751
ALIE,Median (non-DP),2,0,0.1001
ALIE,Median (non-DP),2,5,0.3564
ALIE,Median (non-DP),2,10,0.4965
ALIE,Median (non-DP),2,15,0.5668
ALIE,Median (non-DP),2,20,0.6138
ALIE,Median (non-DP),2,25,0.6586
ALIE,Median (non-DP),2,30,0.6787
ALIE,Median (non-DP),2,35,0.6805
ALIE,Median (non-DP),2,40,0.6888
ALIE,Median (non-DP),2,45,0.6952
ALIE,Median (non-DP),2,50,0.7107
ALIE,Median (non-DP),2,55,0.6992
ALIE,Median (non-DP),2,60,0.7202
ALIE,Median (non-DP),2,65,0.7134
ALIE,Median (non-DP),2,70,0.7105
ALIE,Median (non-DP),2,75,0.7193
ALIE,Median (non-DP),2,80,0.7094
ALIE,Median (non-DP),2,85,0.7134
ALIE,Median (non-DP),2,90,0.7079
ALIE,Median (non-DP),2,95,0.7136
ALIE,Median (non-DP),2,100,0.7237
ALIE,Median (non-DP),2,105,0.724
ALIE,Median (non-DP),2,110,0.7329
ALIE,Median (non-DP),2,115,0.7212
ALIE,Median (non-DP),2,120,0.735
ALIE,Median (non-DP),2,125,0.7264
ALIE,Median (non-DP),2,130,0.7149
ALIE,Median (non-DP),2,135,0.7201
ALIE,Median (non-DP),2,140,0.7312
ALIE,Median (non-DP),2,145,0.7281
ALIE,Median (non-DP),2,150,0.7349
ALIE,Median (non-DP),2,155,0.7361
ALIE,Median (non-DP),2,160,0.7334
ALIE,Median (non-DP),2,165,0.7257
ALIE,Median (non-DP),2,170,0.7102
ALIE,Median (non-DP),2,175,0.7187
ALIE,Median (non-DP),2,180,0.7219
ALIE,TrimmedMean (non-DP),0,0,0.0427
ALIE,TrimmedMean (non-DP),0,5,0.4158
ALIE,TrimmedMean (non-DP),0,10,0.5372
ALIE,TrimmedMean (non-DP),0,15,0.6558
ALIE,TrimmedMean (non-DP),0,20,0.6456
ALIE,TrimmedMean (non-DP),0,25,0.6569
ALIE,TrimmedMean (non-DP),0,30,0.6653
ALIE,TrimmedMean (non-DP),0,35,0.6528
ALIE,TrimmedMean (non-DP),0,40,0.6489
ALIE,TrimmedMean (non-DP),0,45,0.6488
ALIE,TrimmedMean (non-DP),0,50,0.6546
ALIE,TrimmedMean (non-DP),0,55,0.6497
ALIE,TrimmedMean (non-DP),0,60,0.6665
ALIE,TrimmedMean (non-DP),0,65,0.6522
ALIE,TrimmedMean (non-DP),0,70,0.6809
ALIE,TrimmedMean (non-DP),0,75,0.6843
ALIE,TrimmedMean (non-DP),0,80,0.6864
ALIE,TrimmedMean (non-DP),0,85,0.703
ALIE,TrimmedMean (non-DP),0,90,0.6567
ALIE,TrimmedMean (non-DP),0,95,0.6839
ALIE,TrimmedMean (non-DP),0,100,0.696
ALIE,TrimmedMean (non-DP),0,105,0.667
ALIE,TrimmedMean (non-DP),0,110,0.6884
ALIE,TrimmedMean (non-DP),0,115,0.6764
ALIE,TrimmedMean (non-DP),0,120,0.6724
ALIE,TrimmedMean (non-DP),0,125,0.6765
ALIE,TrimmedMean (non-DP),0,130,0.6742
ALIE,TrimmedMean (non-DP),0,135,0.6472
ALIE,TrimmedMean (non-DP),0,140,0.6511
ALIE,TrimmedMean (non-DP),0,145,0.6462
ALIE,TrimmedMean (non-DP),0,150,0.6257
ALIE,TrimmedMean (non-DP),0,155,0.64
ALIE,TrimmedMean (non-DP),0,160,0.6208
ALIE,TrimmedMean (non-DP),0,165,0.6361
ALIE,TrimmedMean (non-DP),0,170,0.6163
ALIE,TrimmedMean (non-DP),0,175,0.6124
ALIE,TrimmedMean (non-DP),0,180,0.6036
ALIE,TrimmedMean (non-DP),1,0,0.1713
ALIE,TrimmedMean (non-DP),1,5,0.5378
ALIE,TrimmedMean (non-DP),1,10,0.6158
ALIE,TrimmedMean (non-DP),1,15,0.6468
ALIE,TrimmedMean (non-DP),1,20,0.6614
ALIE,TrimmedMean (non-DP),1,25,0.6273
ALIE,TrimmedMean (non-DP),1,30,0.6607
ALIE,TrimmedMean (non-DP),1,35,0.668
ALIE,TrimmedMean (non-DP),1,40,0.6555
ALIE,TrimmedMean (non-DP),1,45,0.6748
ALIE,TrimmedMean (non-DP),1,50,0.6663
ALIE,TrimmedMean (non-DP),1,55,0.6314
ALIE,TrimmedMean (non-DP),1,60,0.6607
ALIE,TrimmedMean (non-DP),1,65,0.6655
ALIE,TrimmedMean (non-DP),1,70,0.6804
ALIE,TrimmedMean (non-DP),1,75,0.6796
ALIE,TrimmedMean (non-DP),1,80,0.6843
ALIE,TrimmedMean (non-DP),1,85,0.6796
ALIE,TrimmedMean (non-DP),1,90,0.691
ALIE,TrimmedMean (non-DP),1,95,0.6568
ALIE,TrimmedMean (non-DP),1,100,0.6757
ALIE,TrimmedMean (non-DP),1,105,0.6551
ALIE,TrimmedMean (non-DP),1,110,0.6555
ALIE,TrimmedMean (non-DP),1,115,0.6662
ALIE,TrimmedMean (non-DP),1,120,0.6765
ALIE,TrimmedMean (non-DP),1,125,0.6755
ALIE,TrimmedMean (non-DP),1,130,0.6592
ALIE,TrimmedMean (non-DP),1,135,0.6303
ALIE,TrimmedMean (non-DP),1,140,0.6406
ALIE,TrimmedMean (non-DP),1,145,0.6538
ALIE,TrimmedMean (non-DP),1,150,0.6329
ALIE,TrimmedMean (non-DP),1,155,0.639
ALIE,TrimmedMean (non-DP),1,160,0.6554
ALIE,TrimmedMean (non-DP),1,165,0.6573
ALIE,TrimmedMean (non-DP),1,170,0.6424
ALIE,TrimmedMean (non-DP),1,175,0.6345
ALIE,TrimmedMean (non-DP),1,180,0.6214
ALIE,TrimmedMean (non-DP),2,0,0.1001
ALIE,TrimmedMean (non-DP),2,5,0.4098
ALIE,TrimmedMean (non-DP),2,10,0.6171
ALIE,TrimmedMean (non-DP),2,15,0.6695
ALIE,TrimmedMean (non-DP),2,20,0.6585
ALIE,TrimmedMean (non-DP),2,25,0.6843
ALIE,TrimmedMean (non-DP),2,30,0.672
ALIE,TrimmedMean (non-DP),2,35,0.6846
ALIE,TrimmedMean (non-DP),2,40,0.694
ALIE,TrimmedMean (non-DP),2,45,0.6846
ALIE,TrimmedMean (non-DP),2,50,0.6774
ALIE,TrimmedMean (non-DP),2,55,0.679
ALIE,TrimmedMean (non-DP),2,60,0.7129
ALIE,TrimmedMean (non-DP),2,65,0.713
ALIE,TrimmedMean (non-DP),2,70,0.677
ALIE,TrimmedMean (non-DP),2,75,0.6859
ALIE,TrimmedMean (non-DP),2,80,0.662
ALIE,TrimmedMean (non-DP),2,85,0.6723
ALIE,TrimmedMean (non-DP),2,90,0.6524
ALIE,TrimmedMean (non-DP),2,95,0.6612
ALIE,TrimmedMean (non-DP),2,100,0.6731
ALIE,TrimmedMean (non-DP),2,105,0.6465
ALIE,TrimmedMean (non-DP),2,110,0.6419
ALIE,TrimmedMean (non-DP),2,115,0.6411
ALIE,TrimmedMean (non-DP),2,120,0.6447
ALIE,TrimmedMean (non-DP),2,125,0.6485
ALIE,TrimmedMean (non-DP),2,130,0.6278
ALIE,TrimmedMean (non-DP),2,135,0.6225
ALIE,TrimmedMean (non-DP),2,140,0.6338
ALIE,TrimmedMean (non-DP),2,145,0.6302
ALIE,TrimmedMean (non-DP),2,150,0.621
ALIE,TrimmedMean (non-DP),2,155,0.6198
ALIE,TrimmedMean (non-DP),2,160,0.6159
ALIE,TrimmedMean (non-DP),2,165,0.6111
ALIE,TrimmedMean (non-DP),2,170,0.6197
ALIE,TrimmedMean (non-DP),2,175,0.6175
ALIE,TrimmedMean (non-DP),2,180,0.5987
ALIE,Krum (non-DP),0,0,0.0427
ALIE,Krum (non-DP),0,5,0.4574
ALIE,Krum (non-DP),0,10,0.543
ALIE,Krum (non-DP),0,15,0.5452
ALIE,Krum (non-DP),0,20,0.5848
ALIE,Krum (non-DP),0,25,0.5915
ALIE,Krum (non-DP),0,30,0.6421
ALIE,Krum (non-DP),0,35,0.6312
ALIE,Krum (non-DP),0,40,0.6264
ALIE,Krum (non-DP),0,45,0.6654
ALIE,Krum (non-DP),0,50,0.6681
ALIE,Krum (non-DP),0,55,0.6834
ALIE,Krum (non-DP),0,60,0.6786
ALIE,Krum (non-DP),0,65,0.684
ALIE,Krum (non-DP),0,70,0.6744
ALIE,Krum (non-DP),0,75,0.6908
ALIE,Krum (non-DP),0,80,0.6904
ALIE,Krum (non-DP),0,85,0.7007
ALIE,Krum (non-DP),0,90,0.7033
ALIE,Krum (non-DP),0,95,0.7036
ALIE,Krum (non-DP),0,100,0.6991
ALIE,Krum (non-DP),0,105,0.707
ALIE,Krum (non-DP),0,110,0.7079
ALIE,Krum (non-DP),0,115,0.7166
ALIE,Krum (non-DP),0,120,0.7165
ALIE,Krum (non-DP),0,125,0.7175
ALIE,Krum (non-DP),0,130,0.7137
ALIE,Krum (non-DP),0,135,0.7154
ALIE,Krum (non-DP),0,140,0.7191
ALIE,Krum (non-DP),0,145,0.7012
ALIE,Krum (non-DP),0,150,0.7189
ALIE,Krum (non-DP),0,155,0.7248
ALIE,Krum (non-DP),0,160,0.724
ALIE,Krum (non-DP),0,165,0.7184
ALIE,Krum (non-DP),0,170,0.7216
ALIE,Krum (non-DP),0,175,0.7166
ALIE,Krum (non-DP),0,180,0.7205
ALIE,Krum (non-DP),1,0,0.1713
ALIE,Krum (non-DP),1,5,0.3439
ALIE,Krum (non-DP),1,10,0.4712
ALIE,Krum (non-DP),1,15,0.4807
ALIE,Krum (non-DP),1,20,0.5547
ALIE,Krum (non-DP),1,25,0.4825
ALIE,Krum (non-DP),1,30,0.4867
ALIE,Krum (non-DP),1,35,0.5518
ALIE,Krum (non-DP),1,40,0.5635
ALIE,Krum (non-DP),1,45,0.5879
ALIE,Krum (non-DP),1,50,0.6145
ALIE,Krum (non-DP),1,55,0.6254
ALIE,Krum (non-DP),1,60,0.647
ALIE,Krum (non-DP),1,65,0.6541
ALIE,Krum (non-DP),1,70,0.661
ALIE,Krum (non-DP),1,75,0.6279
ALIE,Krum (non-DP),1,80,0.6821
ALIE,Krum (non-DP),1,85,0.6729
ALIE,Krum (non-DP),1,90,0.6686
ALIE,Krum (non-DP),1,95,0.6814
ALIE,Krum (non-DP),1,100,0.6678
ALIE,Krum (non-DP),1,105,0.6737
ALIE,Krum (non-DP),1,110,0.6822
ALIE,Krum (non-DP),1,115,0.6582
ALIE,Krum (non-DP),1,120,0.6715
ALIE,Krum (non-DP),1,125,0.6755
ALIE,Krum (non-DP),1,130,0.6846
ALIE,Krum (non-DP),1,135,0.6926
ALIE,Krum (non-DP),1,140,0.6785
ALIE,Krum (non-DP),1,145,0.6567
ALIE,Krum (non-DP),1,150,0.6906
ALIE,Krum (non-DP),1,155,0.7066
ALIE,Krum (non-DP),1,160,0.6964
ALIE,Krum (non-DP),1,165,0.709
ALIE,Krum (non-DP),1,170,0.7104
ALIE,Krum (non-DP),1,175,0.7048
ALIE,Krum (non-DP),1,180,0.7047
ALIE,Krum (non-DP),2,0,0.1001
ALIE,Krum (non-DP),2,5,0.4597
ALIE,Krum (non-DP),2,10,0.5041
ALIE,Krum (non-DP),2,15,0.6446
ALIE,Krum (non-DP),2,20,0.6263
ALIE,Krum (non-DP),2,25,0.6673
ALIE,Krum (non-DP),2,30,0.6619
ALIE,Krum (non-DP),2,35,0.6814
ALIE,Krum (non-DP),2,40,0.6791
ALIE,Krum (non-DP),2,45,0.7022
ALIE,Krum (non-DP),2,50,0.682
ALIE,Krum (non-DP),2,55,0.683
ALIE,Krum (non-DP),2,60,0.6877
ALIE,Krum (non-DP),2,65,0.6975
ALIE,Krum (non-DP),2,70,0.7204
ALIE,Krum (non-DP),2,75,0.685
ALIE,Krum (non-DP),2,80,0.7138
ALIE,Krum (non-DP),2,85,0.7281
ALIE,Krum (non-DP),2,90,0.7248
ALIE,Krum (non-DP),2,95,0.7317
ALIE,Krum (non-DP),2,100,0.7316
ALIE,Krum (non-DP),2,105,0.6974
ALIE,Krum (non-DP),2,110,0.7187
ALIE,Krum (non-DP),2,115,0.7313
ALIE,Krum (non-DP),2,120,0.7301
ALIE,Krum (non-DP),2,125,0.7287
ALIE,Krum (non-DP),2,130,0.7213
ALIE,Krum (non-DP),2,135,0.7209
ALIE,Krum (non-DP),2,140,0.7275
ALIE,Krum (non-DP),2,145,0.704
ALIE,Krum (non-DP),2,150,0.7101
ALIE,Krum (non-DP),2,155,0.7313
ALIE,Krum (non-DP),2,160,0.7274
ALIE,Krum (non-DP),2,165,0.7162
ALIE,Krum (non-DP),2,170,0.7247
ALIE,Krum (non-DP),2,175,0.7304
ALIE,Krum (non-DP),2,180,0.7235
ALIE,Bulyan (non-DP),0,0,0.0427
ALIE,Bulyan (non-DP),0,5,0.6663
ALIE,Bulyan (non-DP),0,10,0.7295
ALIE,Bulyan (non-DP),0,15,0.733
ALIE,Bulyan (non-DP),0,20,0.7557
ALIE,Bulyan (non-DP),0,25,0.7601
ALIE,Bulyan (non-DP),0,30,0.7748
ALIE,Bulyan (non-DP),0,35,0.7793
ALIE,Bulyan (non-DP),0,40,0.7838
ALIE,Bulyan (non-DP),0,45,0.7829
ALIE,Bulyan (non-DP),0,50,0.7885
ALIE,Bulyan (non-DP),0,55,0.7931
ALIE,Bulyan (non-DP),0,60,0.7941
ALIE,Bulyan (non-DP),0,65,0.793
ALIE,Bulyan (non-DP),0,70,0.7958
ALIE,Bulyan (non-DP),0,75,0.7976
ALIE,Bulyan (non-DP),0,80,0.7995
ALIE,Bulyan (non-DP),0,85,0.8021
ALIE,Bulyan (non-DP),0,90,0.8035
ALIE,Bulyan (non-DP),0,95,0.8024
ALIE,Bulyan (non-DP),0,100,0.8045
ALIE,Bulyan (non-DP),0,105,0.8065
ALIE,Bulyan (non-DP),0,110,0.8065
ALIE,Bulyan (non-DP),0,115,0.8085
ALIE,Bulyan (non-DP),0,120,0.8105
ALIE,Bulyan (non-DP),0,125,0.8104
ALIE,Bulyan (non-DP),0,130,0.8102
ALIE,Bulyan (non-DP),0,135,0.8139
ALIE,Bulyan (non-DP),0,140,0.8142
ALIE,Bulyan (non-DP),0,145,0.8147
ALIE,Bulyan (non-DP),0,150,0.814
ALIE,Bulyan (non-DP),0,155,0.8169
ALIE,Bulyan (non-DP),0,160,0.8164
ALIE,Bulyan (non-DP),0,165,0.8163
ALIE,Bulyan (non-DP),0,170,0.8175
ALIE,Bulyan (non-DP),0,175,0.8183
ALIE,Bulyan (non-DP),0,180,0.818
ALIE,Bulyan (non-DP),1,0,0.1713
ALIE,Bulyan (non-DP),1,5,0.6509
ALIE,Bulyan (non-DP),1,10,0.6995
ALIE,Bulyan (non-DP),1,15,0.7272
ALIE,Bulyan (non-DP),1,20,0.7383
ALIE,Bulyan (non-DP),1,25,0.7525
ALIE,Bulyan (non-DP),1,30,0.752
ALIE,Bulyan (non-DP),1,35,0.7642
ALIE,Bulyan (non-DP),1,40,0.7652
ALIE,Bulyan (non-DP),1,45,0.7693
ALIE,Bulyan (non-DP),1,50,0.7722
ALIE,Bulyan (non-DP),1,55,0.7755
ALIE,Bulyan (non-DP),1,60,0.7792
ALIE,Bulyan (non-DP),1,65,0.7829
ALIE,Bulyan (non-DP),1,70,0.7802
ALIE,Bulyan (non-DP),1,75,0.7865
ALIE,Bulyan (non-DP),1,80,0.789
ALIE,Bulyan (non-DP),1,85,0.7916
ALIE,Bulyan (non-DP),1,90,0.7913
ALIE,Bulyan (non-DP),1,95,0.7946
ALIE,Bulyan (non-DP),1,100,0.7936
ALIE,Bulyan (non-DP),1,105,0.7969
ALIE,Bulyan (non-DP),1,110,0.7979
ALIE,Bulyan (non-DP),1,115,0.7981
ALIE,Bulyan (non-DP),1,120,0.7993
ALIE,Bulyan (non-DP),1,125,0.8007
ALIE,Bulyan (non-DP),1,130,0.8008
ALIE,Bulyan (non-DP),1,135,0.8015
ALIE,Bulyan (non-DP),1,140,0.8027
ALIE,Bulyan (non-DP),1,145,0.8044
ALIE,Bulyan (non-DP),1,150,0.805
ALIE,Bulyan (non-DP),1,155,0.8052
ALIE,Bulyan (non-DP),1,160,0.8069
ALIE,Bulyan (non-DP),1,165,0.8089
ALIE,Bulyan (non-DP),1,170,0.8085
ALIE,Bulyan (non-DP),1,175,0.8095
ALIE,Bulyan (non-DP),1,180,0.809
ALIE,Bulyan (non-DP),2,0,0.1001
ALIE,Bulyan (non-DP),2,5,0.6193
ALIE,Bulyan (non-DP),2,10,0.72
ALIE,Bulyan (non-DP),2,15,0.7277
ALIE,Bulyan (non-DP),2,20,0.7511
ALIE,Bulyan (non-DP),2,25,0.753
ALIE,Bulyan (non-DP),2,30,0.7576
ALIE,Bulyan (non-DP),2,35,0.7682
ALIE,Bulyan (non-DP),2,40,0.7709
ALIE,Bulyan (non-DP),2,45,0.7765
ALIE,Bulyan (non-DP),2,50,0.7742
ALIE,Bulyan (non-DP),2,55,0.7791
ALIE,Bulyan (non-DP),2,60,0.7804
ALIE,Bulyan (non-DP),2,65,0.7848
ALIE,Bulyan (non-DP),2,70,0.7893
ALIE,Bulyan (non-DP),2,75,0.7878
ALIE,Bulyan (non-DP),2,80,0.7941
ALIE,Bulyan (non-DP),2,85,0.7932
ALIE,Bulyan (non-DP),2,90,0.7947
ALIE,Bulyan (non-DP),2,95,0.795
ALIE,Bulyan (non-DP),2,100,0.7975
ALIE,Bulyan (non-DP),2,105,0.7989
ALIE,Bulyan (non-DP),2,110,0.7983
ALIE,Bulyan (non-DP),2,115,0.8026
ALIE,Bulyan (non-DP),2,120,0.7978
ALIE,Bulyan (non-DP),2,125,0.8029
ALIE,Bulyan (non-DP),2,130,0.803
ALIE,Bulyan (non-DP),2,135,0.8036
ALIE,Bulyan (non-DP),2,140,0.8035
ALIE,Bulyan (non-DP),2,145,0.8039
ALIE,Bulyan (non-DP),2,150,0.8054
ALIE,Bulyan (non-DP),2,155,0.8076
ALIE,Bulyan (non-DP),2,160,0.8061
ALIE,Bulyan (non-DP),2,165,0.8086
ALIE,Bulyan (non-DP),2,170,0.8082
ALIE,Bulyan (non-DP),2,175,0.8094
ALIE,Bulyan (non-DP),2,180,0.8108
FANG,DP-FedAvg,0,0,0.0427
FANG,DP-FedAvg,0,5,0.5484
FANG,DP-FedAvg,0,10,0.6279
FANG,DP-FedAvg,0,15,0.682
FANG,DP-FedAvg,0,20,0.7034
FANG,DP-FedAvg,0,25,0.7264
FANG,DP-FedAvg,0,30,0.7441
FANG,DP-FedAvg,0,35,0.7566
FANG,DP-FedAvg,0,40,0.7544
FANG,DP-FedAvg,0,45,0.7677
FANG,DP-FedAvg,0,50,0.7607
FANG,DP-FedAvg,0,55,0.7709
FANG,DP-FedAvg,0,60,0.7676
FANG,DP-FedAvg,0,65,0.7642
FANG,DP-FedAvg,0,70,0.7718
FANG,DP-FedAvg,0,75,0.7773
FANG,DP-FedAvg,0,80,0.7713
FANG,DP-FedAvg,0,85,0.7782
FANG,DP-FedAvg,0,90,0.7789
FANG,DP-FedAvg,0,95,0.7808
FANG,DP-FedAvg,0,100,0.7856
FANG,DP-FedAvg,0,105,0.7829
FANG,DP-FedAvg,0,110,0.7792
FANG,DP-FedAvg,0,115,0.7886
FANG,DP-FedAvg,0,120,0.775
FANG,DP-FedAvg,0,125,0.7813
FANG,DP-FedAvg,0,130,0.7807
FANG,DP-FedAvg,0,135,0.7707
FANG,DP-FedAvg,0,140,0.7751
FANG,DP-FedAvg,0,145,0.7724
FANG,DP-FedAvg,0,150,0.7675
FANG,DP-FedAvg,0,155,0.7771
FANG,DP-FedAvg,0,160,0.7673
FANG,DP-FedAvg,0,165,0.7654
FANG,DP-FedAvg,0,170,0.7664
FANG,DP-FedAvg,0,175,0.7621
FANG,DP-FedAvg,0,180,0.7617
FANG,DP-FedAvg,1,0,0.1713
FANG,DP-FedAvg,1,5,0.5034
FANG,DP-FedAvg,1,10,0.5989
FANG,DP-FedAvg,1,15,0.6669
FANG,DP-FedAvg,1,20,0.7147
FANG,DP-FedAvg,1,25,0.7291
FANG,DP-FedAvg,1,30,0.7419
FANG,DP-FedAvg,1,35,0.7496
FANG,DP-FedAvg,1,40,0.7568
FANG,DP-FedAvg,1,45,0.7595
FANG,DP-FedAvg,1,50,0.7606
FANG,DP-FedAvg,1,55,0.7726
FANG,DP-FedAvg,1,60,0.7705
FANG,DP-FedAvg,1,65,0.7769
FANG,DP-FedAvg,1,70,0.7734
FANG,DP-FedAvg,1,75,0.7736
FANG,DP-FedAvg,1,80,0.7794
FANG,DP-FedAvg,1,85,0.7812
FANG,DP-FedAvg,1,90,0.7796
FANG,DP-FedAvg,1,95,0.788
FANG,DP-FedAvg,1,100,0.7856
FANG,DP-FedAvg,1,105,0.7887
FANG,DP-FedAvg,1,110,0.779
FANG,DP-FedAvg,1,115,0.7722
FANG,DP-FedAvg,1,120,0.7862
FANG,DP-FedAvg,1,125,0.7766
FANG,DP-FedAvg,1,130,0.7766
FANG,DP-FedAvg,1,135,0.7747
FANG,DP-FedAvg,1,140,0.7798
FANG,DP-FedAvg,1,145,0.7828
FANG,DP-FedAvg,1,150,0.7725
FANG,DP-FedAvg,1,155,0.7684
FANG,DP-FedAvg,1,160,0.7708
FANG,DP-FedAvg,1,165,0.766
FANG,DP-FedAvg,1,170,0.7639
FANG,DP-FedAvg,1,175,0.7613
FANG,DP-FedAvg,1,180,0.7603
FANG,DP-FedAvg,2,0,0.1001
FANG,DP-FedAvg,2,5,0.4166
FANG,DP-FedAvg,2,10,0.6411
FANG,DP-FedAvg,2,15,0.7108
FANG,DP-FedAvg,2,20,0.7245
FANG,DP-FedAvg,2,25,0.7356
FANG,DP-FedAvg,2,30,0.7498
FANG,DP-FedAvg,2,35,0.7472
FANG,DP-FedAvg,2,40,0.7563
FANG,DP-FedAvg,2,45,0.7744
FANG,DP-FedAvg,2,50,0.7693
FANG,DP-FedAvg,2,55,0.7705
FANG,DP-FedAvg,2,60,0.7724
FANG,DP-FedAvg,2,65,0.7652
FANG,DP-FedAvg,2,70,0.773
FANG,DP-FedAvg,2,75,0.7716
FANG,DP-FedAvg,2,80,0.775
FANG,DP-FedAvg,2,85,0.7759
FANG,DP-FedAvg,2,90,0.7795
FANG,DP-FedAvg,2,95,0.7744
FANG,DP-FedAvg,2,100,0.7747
FANG,DP-FedAvg,2,105,0.7716
FANG,DP-FedAvg,2,110,0.7716
FANG,DP-FedAvg,2,115,0.773
FANG,DP-FedAvg,2,120,0.77
FANG,DP-FedAvg,2,125,0.7697
FANG,DP-FedAvg,2,130,0.7672
FANG,DP-FedAvg,2,135,0.7672
FANG,DP-FedAvg,2,140,0.7689
FANG,DP-FedAvg,2,145,0.7635
FANG,DP-FedAvg,2,150,0.7638
FANG,DP-FedAvg,2,155,0.7681
FANG,DP-FedAvg,2,160,0.7617
FANG,DP-FedAvg,2,165,0.757
FANG,DP-FedAvg,2,170,0.7517
FANG,DP-FedAvg,2,175,0.7577
FANG,DP-FedAvg,2,180,0.7558
FANG,FedVRDP,0,0,0.0427
FANG,FedVRDP,0,5,0.3416
FANG,FedVRDP,0,10,0.5435
FANG,FedVRDP,0,15,0.5554
FANG,FedVRDP,0,20,0.5649
FANG,FedVRDP,0,25,0.6055
FANG,FedVRDP,0,30,0.632
FANG,FedVRDP,0,35,0.6627
FANG,FedVRDP,0,40,0.6991
FANG,FedVRDP,0,45,0.7155
FANG,FedVRDP,0,50,0.7262
FANG,FedVRDP,0,55,0.7324
FANG,FedVRDP,0,60,0.7297
FANG,FedVRDP,0,65,0.7354
FANG,FedVRDP,0,70,0.7487
FANG,FedVRDP,0,75,0.7524
FANG,FedVRDP,0,80,0.7553
FANG,FedVRDP,0,85,0.759
FANG,FedVRDP,0,90,0.7638
FANG,FedVRDP,0,95,0.7663
FANG,FedVRDP,0,100,0.7645
FANG,FedVRDP,0,105,0.7675
FANG,FedVRDP,0,110,0.7739
FANG,FedVRDP,0,115,0.7789
FANG,FedVRDP,0,120,0.7781
FANG,FedVRDP,0,125,0.7812
FANG,FedVRDP,0,130,0.7839
FANG,FedVRDP,0,135,0.7782
FANG,FedVRDP,0,140,0.7823
FANG,FedVRDP,0,145,0.7849
FANG,FedVRDP,0,150,0.7838
FANG,FedVRDP,0,155,0.7875
FANG,FedVRDP,0,160,0.7877
FANG,FedVRDP,0,165,0.7887
FANG,FedVRDP,0,170,0.7922
FANG,FedVRDP,0,175,0.7904
FANG,FedVRDP,0,180,0.7911
FANG,FedVRDP,1,0,0.1713
FANG,FedVRDP,1,5,0.3689
FANG,FedVRDP,1,10,0.4574
FANG,FedVRDP,1,15,0.5264
FANG,FedVRDP,1,20,0.5538
FANG,FedVRDP,1,25,0.5882
FANG,FedVRDP,1,30,0.6264
FANG,FedVRDP,1,35,0.6616
FANG,FedVRDP,1,40,0.6878
FANG,FedVRDP,1,45,0.696
FANG,FedVRDP,1,50,0.7062
FANG,FedVRDP,1,55,0.7154
FANG,FedVRDP,1,60,0.7238
FANG,FedVRDP,1,65,0.7251
FANG,FedVRDP,1,70,0.7315
FANG,FedVRDP,1,75,0.7367
FANG,FedVRDP,1,80,0.7388
FANG,FedVRDP,1,85,0.7389
FANG,FedVRDP,1,90,0.7423
FANG,FedVRDP,1,95,0.7447
FANG,FedVRDP,1,100,0.7485
FANG,FedVRDP,1,105,0.7504
FANG,FedVRDP,1,110,0.7537
FANG,FedVRDP,1,115,0.7549
FANG,FedVRDP,1,120,0.7564
FANG,FedVRDP,1,125,0.7597
FANG,FedVRDP,1,130,0.7609
FANG,FedVRDP,1,135,0.7624
FANG,FedVRDP,1,140,0.7603
FANG,FedVRDP,1,145,0.7629
FANG,FedVRDP,1,150,0.7681
FANG,FedVRDP,1,155,0.7674
FANG,FedVRDP,1,160,0.7682
FANG,FedVRDP,1,165,0.7697
FANG,FedVRDP,1,170,0.7701
FANG,FedVRDP,1,175,0.7722
FANG,FedVRDP,1,180,0.7735
FANG,FedVRDP,2,0,0.1001
FANG,FedVRDP,2,5,0.252
FANG,FedVRDP,2,10,0.3754
FANG,FedVRDP,2,15,0.5657
FANG,FedVRDP,2,20,0.6446
FANG,FedVRDP,2,25,0.6433
FANG,FedVRDP,2,30,0.6605
FANG,FedVRDP,2,35,0.6747
FANG,FedVRDP,2,40,0.7003
FANG,FedVRDP,2,45,0.7177
FANG,FedVRDP,2,50,0.7217
FANG,FedVRDP,2,55,0.7339
FANG,FedVRDP,2,60,0.7344
FANG,FedVRDP,2,65,0.7388
FANG,FedVRDP,2,70,0.7436
FANG,FedVRDP,2,75,0.7467
FANG,FedVRDP,2,80,0.751
FANG,FedVRDP,2,85,0.7546
FANG,FedVRDP,2,90,0.758
FANG,FedVRDP,2,95,0.7581
FANG,FedVRDP,2,100,0.7608
FANG,FedVRDP,2,105,0.7651
FANG,FedVRDP,2,110,0.7662
FANG,FedVRDP,2,115,0.7695
FANG,FedVRDP,2,120,0.7697
FANG,FedVRDP,2,125,0.7723
FANG,FedVRDP,2,130,0.7722
FANG,FedVRDP,2,135,0.7778
FANG,FedVRDP,2,140,0.7756
FANG,FedVRDP,2,145,0.7784
FANG,FedVRDP,2,150,0.7793
FANG,FedVRDP,2,155,0.7795
FANG,FedVRDP,2,160,0.7797
FANG,FedVRDP,2,165,0.7829
FANG,FedVRDP,2,170,0.7839
FANG,FedVRDP,2,175,0.7858
FANG,FedVRDP,2,180,0.7882
FANG,AG-PTR,0,0,0.0427
FANG,AG-PTR,0,5,0.5624
FANG,AG-PTR,0,10,0.5665
FANG,AG-PTR,0,15,0.7008
FANG,AG-PTR,0,20,0.6869
FANG,AG-PTR,0,25,0.7266
FANG,AG-PTR,0,30,0.7312
FANG,AG-PTR,0,35,0.7231
FANG,AG-PTR,0,40,0.7262
FANG,AG-PTR,0,45,0.7258
FANG,AG-PTR,0,50,0.7533
FANG,AG-PTR,0,55,0.7416
FANG,AG-PTR,0,60,0.7659
FANG,AG-PTR,0,65,0.7659
FANG,AG-PTR,0,70,0.7539
FANG,AG-PTR,0,75,0.7547
FANG,AG-PTR,0,80,0.7501
FANG,AG-PTR,0,85,0.7665
FANG,AG-PTR,0,90,0.7602
FANG,AG-PTR,0,95,0.751
FANG,AG-PTR,0,100,0.7573
FANG,AG-PTR,0,105,0.7656
FANG,AG-PTR,0,110,0.7544
FANG,AG-PTR,0,115,0.7735
FANG,AG-PTR,0,120,0.7735
FANG,AG-PTR,0,125,0.7765
FANG,AG-PTR,0,130,0.7853
FANG,AG-PTR,0,135,0.7632
FANG,AG-PTR,0,140,0.7632
FANG,AG-PTR,0,145,0.7728
FANG,AG-PTR,0,150,0.7725
FANG,AG-PTR,0,155,0.7766
FANG,AG-PTR,0,160,0.7673
FANG,AG-PTR,0,165,0.7673
FANG,AG-PTR,0,170,0.7603
FANG,AG-PTR,0,175,0.7616
FANG,AG-PTR,0,180,0.7648
FANG,AG-PTR,1,0,0.1713
FANG,AG-PTR,1,5,0.5332
FANG,AG-PTR,1,10,0.6826
FANG,AG-PTR,1,15,0.6851
FANG,AG-PTR,1,20,0.6672
FANG,AG-PTR,1,25,0.6699
FANG,AG-PTR,1,30,0.6468
FANG,AG-PTR,1,35,0.6142
FANG,AG-PTR,1,40,0.7157
FANG,AG-PTR,1,45,0.7169
FANG,AG-PTR,1,50,0.7169
FANG,AG-PTR,1,55,0.7169
FANG,AG-PTR,1,60,0.6984
FANG,AG-PTR,1,65,0.7372
FANG,AG-PTR,1,70,0.7324
FANG,AG-PTR,1,75,0.7323
FANG,AG-PTR,1,80,0.721
FANG,AG-PTR,1,85,0.7442
FANG,AG-PTR,1,90,0.7504
FANG,AG-PTR,1,95,0.741
FANG,AG-PTR,1,100,0.7623
FANG,AG-PTR,1,105,0.7587
FANG,AG-PTR,1,110,0.7571
FANG,AG-PTR,1,115,0.7696
FANG,AG-PTR,1,120,0.7764
FANG,AG-PTR,1,125,0.7776
FANG,AG-PTR,1,130,0.7558
FANG,AG-PTR,1,135,0.7625
FANG,AG-PTR,1,140,0.7625
FANG,AG-PTR,1,145,0.7625
FANG,AG-PTR,1,150,0.7676
FANG,AG-PTR,1,155,0.7676
FANG,AG-PTR,1,160,0.7717
FANG,AG-PTR,1,165,0.77
FANG,AG-PTR,1,170,0.7596
FANG,AG-PTR,1,175,0.7596
FANG,AG-PTR,1,180,0.7697
FANG,AG-PTR,2,0,0.1001
FANG,AG-PTR,2,5,0.4644
FANG,AG-PTR,2,10,0.705
FANG,AG-PTR,2,15,0.7033
FANG,AG-PTR,2,20,0.7033
FANG,AG-PTR,2,25,0.7209
FANG,AG-PTR,2,30,0.7383
FANG,AG-PTR,2,35,0.7383
FANG,AG-PTR,2,40,0.7214
FANG,AG-PTR,2,45,0.7461
FANG,AG-PTR,2,50,0.7344
FANG,AG-PTR,2,55,0.7502
FANG,AG-PTR,2,60,0.7633
FANG,AG-PTR,2,65,0.7556
FANG,AG-PTR,2,70,0.763
FANG,AG-PTR,2,75,0.7651
FANG,AG-PTR,2,80,0.7651
FANG,AG-PTR,2,85,0.7761
FANG,AG-PTR,2,90,0.7761
FANG,AG-PTR,2,95,0.7691
FANG,AG-PTR,2,100,0.7705
FANG,AG-PTR,2,105,0.7705
FANG,AG-PTR,2,110,0.7705
FANG,AG-PTR,2,115,0.7705
FANG,AG-PTR,2,120,0.7705
FANG,AG-PTR,2,125,0.7705
FANG,AG-PTR,2,130,0.7705
FANG,AG-PTR,2,135,0.7729
FANG,AG-PTR,2,140,0.7533
FANG,AG-PTR,2,145,0.7595
FANG,AG-PTR,2,150,0.7575
FANG,AG-PTR,2,155,0.7458
FANG,AG-PTR,2,160,0.7395
FANG,AG-PTR,2,165,0.7618
FANG,AG-PTR,2,170,0.7669
FANG,AG-PTR,2,175,0.7669
FANG,AG-PTR,2,180,0.7669
FANG,Median (non-DP),0,0,0.0427
FANG,Median (non-DP),0,5,0.4127
FANG,Median (non-DP),0,10,0.5155
FANG,Median (non-DP),0,15,0.5129
FANG,Median (non-DP),0,20,0.541
FANG,Median (non-DP),0,25,0.5718
FANG,Median (non-DP),0,30,0.5604
FANG,Median (non-DP),0,35,0.624
FANG,Median (non-DP),0,40,0.6387
FANG,Median (non-DP),0,45,0.6484
FANG,Median (non-DP),0,50,0.6582
FANG,Median (non-DP),0,55,0.658
FANG,Median (non-DP),0,60,0.6751
FANG,Median (non-DP),0,65,0.6818
FANG,Median (non-DP),0,70,0.6775
FANG,Median (non-DP),0,75,0.6738
FANG,Median (non-DP),0,80,0.6881
FANG,Median (non-DP),0,85,0.6913
FANG,Median (non-DP),0,90,0.6883
FANG,Median (non-DP),0,95,0.6866
FANG,Median (non-DP),0,100,0.686
FANG,Median (non-DP),0,105,0.6907
FANG,Median (non-DP),0,110,0.6913
FANG,Median (non-DP),0,115,0.6913
FANG,Median (non-DP),0,120,0.6882
FANG,Median (non-DP),0,125,0.6889
FANG,Median (non-DP),0,130,0.6884
FANG,Median (non-DP),0,135,0.696
FANG,Median (non-DP),0,140,0.6994
FANG,Median (non-DP),0,145,0.7021
FANG,Median (non-DP),0,150,0.7037
FANG,Median (non-DP),0,155,0.7065
FANG,Median (non-DP),0,160,0.7068
FANG,Median (non-DP),0,165,0.7045
FANG,Median (non-DP),0,170,0.7049
FANG,Median (non-DP),0,175,0.7068
FANG,Median (non-DP),0,180,0.7006
FANG,Median (non-DP),1,0,0.1713
FANG,Median (non-DP),1,5,0.4075
FANG,Median (non-DP),1,10,0.3859
FANG,Median (non-DP),1,15,0.4813
FANG,Median (non-DP),1,20,0.5039
FANG,Median (non-DP),1,25,0.531
FANG,Median (non-DP),1,30,0.5552
FANG,Median (non-DP),1,35,0.5523
FANG,Median (non-DP),1,40,0.5793
FANG,Median (non-DP),1,45,0.5806
FANG,Median (non-DP),1,50,0.6375
FANG,Median (non-DP),1,55,0.652
FANG,Median (non-DP),1,60,0.6613
FANG,Median (non-DP),1,65,0.655
FANG,Median (non-DP),1,70,0.6916
FANG,Median (non-DP),1,75,0.6976
FANG,Median (non-DP),1,80,0.6948
FANG,Median (non-DP),1,85,0.6996
FANG,Median (non-DP),1,90,0.6946
FANG,Median (non-DP),1,95,0.6835
FANG,Median (non-DP),1,100,0.6881
FANG,Median (non-DP),1,105,0.6896
FANG,Median (non-DP),1,110,0.6959
FANG,Median (non-DP),1,115,0.7003
FANG,Median (non-DP),1,120,0.6895
FANG,Median (non-DP),1,125,0.7102
FANG,Median (non-DP),1,130,0.7048
FANG,Median (non-DP),1,135,0.7008
FANG,Median (non-DP),1,140,0.7159
FANG,Median (non-DP),1,145,0.7191
FANG,Median (non-DP),1,150,0.7077
FANG,Median (non-DP),1,155,0.7013
FANG,Median (non-DP),1,160,0.7115
FANG,Median (non-DP),1,165,0.7166
FANG,Median (non-DP),1,170,0.7105
FANG,Median (non-DP),1,175,0.7108
FANG,Median (non-DP),1,180,0.7161
FANG,Median (non-DP),2,0,0.1001
FANG,Median (non-DP),2,5,0.3913
FANG,Median (non-DP),2,10,0.4328
FANG,Median (non-DP),2,15,0.5018
FANG,Median (non-DP),2,20,0.5206
FANG,Median (non-DP),2,25,0.5062
FANG,Median (non-DP),2,30,0.5425
FANG,Median (non-DP),2,35,0.5709
FANG,Median (non-DP),2,40,0.5674
FANG,Median (non-DP),2,45,0.5945
FANG,Median (non-DP),2,50,0.6015
FANG,Median (non-DP),2,55,0.6223
FANG,Median (non-DP),2,60,0.6258
FANG,Median (non-DP),2,65,0.6303
FANG,Median (non-DP),2,70,0.6348
FANG,Median (non-DP),2,75,0.6397
FANG,Median (non-DP),2,80,0.6398
FANG,Median (non-DP),2,85,0.6571
FANG,Median (non-DP),2,90,0.6597
FANG,Median (non-DP),2,95,0.6474
FANG,Median (non-DP),2,100,0.6408
FANG,Median (non-DP),2,105,0.6481
FANG,Median (non-DP),2,110,0.6616
FANG,Median (non-DP),2,115,0.6561
FANG,Median (non-DP),2,120,0.6561
FANG,Median (non-DP),2,125,0.6575
FANG,Median (non-DP),2,130,0.6646
FANG,Median (non-DP),2,135,0.6615
FANG,Median (non-DP),2,140,0.6642
FANG,Median (non-DP),2,145,0.6616
FANG,Median (non-DP),2,150,0.6678
FANG,Median (non-DP),2,155,0.6601
FANG,Median (non-DP),2,160,0.6666
FANG,Median (non-DP),2,165,0.6628
FANG,Median (non-DP),2,170,0.6713
FANG,Median (non-DP),2,175,0.6691
FANG,Median (non-DP),2,180,0.6691
FANG,TrimmedMean (non-DP),0,0,0.0427
FANG,TrimmedMean (non-DP),0,5,0.4494
FANG,TrimmedMean (non-DP),0,10,0.5324
FANG,TrimmedMean (non-DP),0,15,0.5175
FANG,TrimmedMean (non-DP),0,20,0.5015
FANG,TrimmedMean (non-DP),0,25,0.5633
FANG,TrimmedMean (non-DP),0,30,0.5249
FANG,TrimmedMean (non-DP),0,35,0.5358
FANG,TrimmedMean (non-DP),0,40,0.549
FANG,TrimmedMean (non-DP),0,45,0.5561
FANG,TrimmedMean (non-DP),0,50,0.5051
FANG,TrimmedMean (non-DP),0,55,0.5113
FANG,TrimmedMean (non-DP),0,60,0.4925
FANG,TrimmedMean (non-DP),0,65,0.5069
FANG,TrimmedMean (non-DP),0,70,0.5075
FANG,TrimmedMean (non-DP),0,75,0.5027
FANG,TrimmedMean (non-DP),0,80,0.4969
FANG,TrimmedMean (non-DP),0,85,0.5247
FANG,TrimmedMean (non-DP),0,90,0.5056
FANG,TrimmedMean (non-DP),0,95,0.511
FANG,TrimmedMean (non-DP),0,100,0.5273
FANG,TrimmedMean (non-DP),0,105,0.5256
FANG,TrimmedMean (non-DP),0,110,0.5147
FANG,TrimmedMean (non-DP),0,115,0.5363
FANG,TrimmedMean (non-DP),0,120,0.5071
FANG,TrimmedMean (non-DP),0,125,0.5343
FANG,TrimmedMean (non-DP),0,130,0.5406
FANG,TrimmedMean (non-DP),0,135,0.5451
FANG,TrimmedMean (non-DP),0,140,0.5447
FANG,TrimmedMean (non-DP),0,145,0.5457
FANG,TrimmedMean (non-DP),0,150,0.5582
FANG,TrimmedMean (non-DP),0,155,0.578
FANG,TrimmedMean (non-DP),0,160,0.5602
FANG,TrimmedMean (non-DP),0,165,0.5686
FANG,TrimmedMean (non-DP),0,170,0.5747
FANG,TrimmedMean (non-DP),0,175,0.5714
FANG,TrimmedMean (non-DP),0,180,0.565
FANG,TrimmedMean (non-DP),1,0,0.1713
FANG,TrimmedMean (non-DP),1,5,0.4439
FANG,TrimmedMean (non-DP),1,10,0.4847
FANG,TrimmedMean (non-DP),1,15,0.5123
FANG,TrimmedMean (non-DP),1,20,0.5205
FANG,TrimmedMean (non-DP),1,25,0.481
FANG,TrimmedMean (non-DP),1,30,0.5382
FANG,TrimmedMean (non-DP),1,35,0.5226
FANG,TrimmedMean (non-DP),1,40,0.511
FANG,TrimmedMean (non-DP),1,45,0.5145
FANG,TrimmedMean (non-DP),1,50,0.4944
FANG,TrimmedMean (non-DP),1,55,0.5302
FANG,TrimmedMean (non-DP),1,60,0.5046
FANG,TrimmedMean (non-DP),1,65,0.535
FANG,TrimmedMean (non-DP),1,70,0.5407
FANG,TrimmedMean (non-DP),1,75,0.551
FANG,TrimmedMean (non-DP),1,80,0.5725
FANG,TrimmedMean (non-DP),1,85,0.5467
FANG,TrimmedMean (non-DP),1,90,0.5698
FANG,TrimmedMean (non-DP),1,95,0.5596
FANG,TrimmedMean (non-DP),1,100,0.5745
FANG,TrimmedMean (non-DP),1,105,0.563
FANG,TrimmedMean (non-DP),1,110,0.584
FANG,TrimmedMean (non-DP),1,115,0.5799
FANG,TrimmedMean (non-DP),1,120,0.5766
FANG,TrimmedMean (non-DP),1,125,0.5843
FANG,TrimmedMean (non-DP),1,130,0.5823
FANG,TrimmedMean (non-DP),1,135,0.6
FANG,TrimmedMean (non-DP),1,140,0.6032
FANG,TrimmedMean (non-DP),1,145,0.6042
FANG,TrimmedMean (non-DP),1,150,0.6056
FANG,TrimmedMean (non-DP),1,155,0.5972
FANG,TrimmedMean (non-DP),1,160,0.6049
FANG,TrimmedMean (non-DP),1,165,0.6117
FANG,TrimmedMean (non-DP),1,170,0.6006
FANG,TrimmedMean (non-DP),1,175,0.6056
FANG,TrimmedMean (non-DP),1,180,0.6112
FANG,TrimmedMean (non-DP),2,0,0.1001
FANG,TrimmedMean (non-DP),2,5,0.4491
FANG,TrimmedMean (non-DP),2,10,0.5449
FANG,TrimmedMean (non-DP),2,15,0.5685
FANG,TrimmedMean (non-DP),2,20,0.56
FANG,TrimmedMean (non-DP),2,25,0.5619
FANG,TrimmedMean (non-DP),2,30,0.5895
FANG,TrimmedMean (non-DP),2,35,0.5581
FANG,TrimmedMean (non-DP),2,40,0.5523
FANG,TrimmedMean (non-DP),2,45,0.5185
FANG,TrimmedMean (non-DP),2,50,0.4806
FANG,TrimmedMean (non-DP),2,55,0.5258
FANG,TrimmedMean (non-DP),2,60,0.516
FANG,TrimmedMean (non-DP),2,65,0.4942
FANG,TrimmedMean (non-DP),2,70,0.5012
FANG,TrimmedMean (non-DP),2,75,0.5188
FANG,TrimmedMean (non-DP),2,80,0.5068
FANG,TrimmedMean (non-DP),2,85,0.5238
FANG,TrimmedMean (non-DP),2,90,0.5264
FANG,TrimmedMean (non-DP),2,95,0.556
FANG,TrimmedMean (non-DP),2,100,0.5527
FANG,TrimmedMean (non-DP),2,105,0.5666
FANG,TrimmedMean (non-DP),2,110,0.5782
FANG,TrimmedMean (non-DP),2,115,0.5712
FANG,TrimmedMean (non-DP),2,120,0.571
FANG,TrimmedMean (non-DP),2,125,0.554
FANG,TrimmedMean (non-DP),2,130,0.5452
FANG,TrimmedMean (non-DP),2,135,0.5573
FANG,TrimmedMean (non-DP),2,140,0.5421
FANG,TrimmedMean (non-DP),2,145,0.5403
FANG,TrimmedMean (non-DP),2,150,0.5589
FANG,TrimmedMean (non-DP),2,155,0.5445
FANG,TrimmedMean (non-DP),2,160,0.5427
FANG,TrimmedMean (non-DP),2,165,0.546
FANG,TrimmedMean (non-DP),2,170,0.5409
FANG,TrimmedMean (non-DP),2,175,0.5457
FANG,TrimmedMean (non-DP),2,180,0.5451
FANG,Krum (non-DP),0,0,0.0427
FANG,Krum (non-DP),0,5,0.4396
FANG,Krum (non-DP),0,10,0.3874
FANG,Krum (non-DP),0,15,0.5161
FANG,Krum (non-DP),0,20,0.5289
FANG,Krum (non-DP),0,25,0.5745
FANG,Krum (non-DP),0,30,0.6251
FANG,Krum (non-DP),0,35,0.5588
FANG,Krum (non-DP),0,40,0.581
FANG,Krum (non-DP),0,45,0.6347
FANG,Krum (non-DP),0,50,0.6582
FANG,Krum (non-DP),0,55,0.6599
FANG,Krum (non-DP),0,60,0.6934
FANG,Krum (non-DP),0,65,0.6475
FANG,Krum (non-DP),0,70,0.6722
FANG,Krum (non-DP),0,75,0.6706
FANG,Krum (non-DP),0,80,0.7052
FANG,Krum (non-DP),0,85,0.6974
FANG,Krum (non-DP),0,90,0.7155
FANG,Krum (non-DP),0,95,0.7168
FANG,Krum (non-DP),0,100,0.7069
FANG,Krum (non-DP),0,105,0.7059
FANG,Krum (non-DP),0,110,0.7173
FANG,Krum (non-DP),0,115,0.7168
FANG,Krum (non-DP),0,120,0.7225
FANG,Krum (non-DP),0,125,0.7219
FANG,Krum (non-DP),0,130,0.7303
FANG,Krum (non-DP),0,135,0.7251
FANG,Krum (non-DP),0,140,0.7256
FANG,Krum (non-DP),0,145,0.7353
FANG,Krum (non-DP),0,150,0.7339
FANG,Krum (non-DP),0,155,0.7337
FANG,Krum (non-DP),0,160,0.7304
FANG,Krum (non-DP),0,165,0.7294
FANG,Krum (non-DP),0,170,0.7306
FANG,Krum (non-DP),0,175,0.7292
FANG,Krum (non-DP),0,180,0.7401
FANG,Krum (non-DP),1,0,0.1713
FANG,Krum (non-DP),1,5,0.3838
FANG,Krum (non-DP),1,10,0.5047
FANG,Krum (non-DP),1,15,0.5746
FANG,Krum (non-DP),1,20,0.5919
FANG,Krum (non-DP),1,25,0.4979
FANG,Krum (non-DP),1,30,0.6374
FANG,Krum (non-DP),1,35,0.6766
FANG,Krum (non-DP),1,40,0.6202
FANG,Krum (non-DP),1,45,0.684
FANG,Krum (non-DP),1,50,0.712
FANG,Krum (non-DP),1,55,0.7128
FANG,Krum (non-DP),1,60,0.7112
FANG,Krum (non-DP),1,65,0.7055
FANG,Krum (non-DP),1,70,0.7158
FANG,Krum (non-DP),1,75,0.6957
FANG,Krum (non-DP),1,80,0.6955
FANG,Krum (non-DP),1,85,0.6864
FANG,Krum (non-DP),1,90,0.683
FANG,Krum (non-DP),1,95,0.6857
FANG,Krum (non-DP),1,100,0.689
FANG,Krum (non-DP),1,105,0.7002
FANG,Krum (non-DP),1,110,0.7162
FANG,Krum (non-DP),1,115,0.7166
FANG,Krum (non-DP),1,120,0.7242
FANG,Krum (non-DP),1,125,0.722
FANG,Krum (non-DP),1,130,0.7207
FANG,Krum (non-DP),1,135,0.7203
FANG,Krum (non-DP),1,140,0.7206
FANG,Krum (non-DP),1,145,0.7188
FANG,Krum (non-DP),1,150,0.7208
FANG,Krum (non-DP),1,155,0.724
FANG,Krum (non-DP),1,160,0.7197
FANG,Krum (non-DP),1,165,0.7226
FANG,Krum (non-DP),1,170,0.7253
FANG,Krum (non-DP),1,175,0.7269
FANG,Krum (non-DP),1,180,0.7275
FANG,Krum (non-DP),2,0,0.1001
FANG,Krum (non-DP),2,5,0.3891
FANG,Krum (non-DP),2,10,0.5648
FANG,Krum (non-DP),2,15,0.5575
FANG,Krum (non-DP),2,20,0.6369
FANG,Krum (non-DP),2,25,0.6543
FANG,Krum (non-DP),2,30,0.6697
FANG,Krum (non-DP),2,35,0.6607
FANG,Krum (non-DP),2,40,0.665
FANG,Krum (non-DP),2,45,0.6482
FANG,Krum (non-DP),2,50,0.6846
FANG,Krum (non-DP),2,55,0.6635
FANG,Krum (non-DP),2,60,0.6693
FANG,Krum (non-DP),2,65,0.6596
FANG,Krum (non-DP),2,70,0.6891
FANG,Krum (non-DP),2,75,0.6885
FANG,Krum (non-DP),2,80,0.6858
FANG,Krum (non-DP),2,85,0.6913
FANG,Krum (non-DP),2,90,0.6789
FANG,Krum (non-DP),2,95,0.6668
FANG,Krum (non-DP),2,100,0.6773
FANG,Krum (non-DP),2,105,0.6783
FANG,Krum (non-DP),2,110,0.7136
FANG,Krum (non-DP),2,115,0.7024
FANG,Krum (non-DP),2,120,0.7068
FANG,Krum (non-DP),2,125,0.6918
FANG,Krum (non-DP),2,130,0.6989
FANG,Krum (non-DP),2,135,0.6964
FANG,Krum (non-DP),2,140,0.7224
FANG,Krum (non-DP),2,145,0.7178
FANG,Krum (non-DP),2,150,0.7096
FANG,Krum (non-DP),2,155,0.714
FANG,Krum (non-DP),2,160,0.7123
FANG,Krum (non-DP),2,165,0.7092
FANG,Krum (non-DP),2,170,0.7121
FANG,Krum (non-DP),2,175,0.7101
FANG,Krum (non-DP),2,180,0.7166
FANG,Bulyan (non-DP),0,0,0.0427
FANG,Bulyan (non-DP),0,5,0.3401
FANG,Bulyan (non-DP),0,10,0.3043
FANG,Bulyan (non-DP),0,15,0.4061
FANG,Bulyan (non-DP),0,20,0.4196
FANG,Bulyan (non-DP),0,25,0.3844
FANG,Bulyan (non-DP),0,30,0.4041
FANG,Bulyan (non-DP),0,35,0.3916
FANG,Bulyan (non-DP),0,40,0.387
FANG,Bulyan (non-DP),0,45,0.405
FANG,Bulyan (non-DP),0,50,0.3962
FANG,Bulyan (non-DP),0,55,0.4148
FANG,Bulyan (non-DP),0,60,0.3998
FANG,Bulyan (non-DP),0,65,0.4467
FANG,Bulyan (non-DP),0,70,0.4356
FANG,Bulyan (non-DP),0,75,0.4621
FANG,Bulyan (non-DP),0,80,0.435
FANG,Bulyan (non-DP),0,85,0.5221
FANG,Bulyan (non-DP),0,90,0.4937
FANG,Bulyan (non-DP),0,95,0.496
FANG,Bulyan (non-DP),0,100,0.504
FANG,Bulyan (non-DP),0,105,0.4993
FANG,Bulyan (non-DP),0,110,0.5061
FANG,Bulyan (non-DP),0,115,0.5189
FANG,Bulyan (non-DP),0,120,0.522
FANG,Bulyan (non-DP),0,125,0.5128
FANG,Bulyan (non-DP),0,130,0.5195
FANG,Bulyan (non-DP),0,135,0.5132
FANG,Bulyan (non-DP),0,140,0.5136
FANG,Bulyan (non-DP),0,145,0.4902
FANG,Bulyan (non-DP),0,150,0.5087
FANG,Bulyan (non-DP),0,155,0.5221
FANG,Bulyan (non-DP),0,160,0.5332
FANG,Bulyan (non-DP),0,165,0.5072
FANG,Bulyan (non-DP),0,170,0.5135
FANG,Bulyan (non-DP),0,175,0.5212
FANG,Bulyan (non-DP),0,180,0.5186
FANG,Bulyan (non-DP),1,0,0.1713
FANG,Bulyan (non-DP),1,5,0.2889
FANG,Bulyan (non-DP),1,10,0.3193
FANG,Bulyan (non-DP),1,15,0.4514
FANG,Bulyan (non-DP),1,20,0.4244
FANG,Bulyan (non-DP),1,25,0.4581
FANG,Bulyan (non-DP),1,30,0.5652
FANG,Bulyan (non-DP),1,35,0.3808
FANG,Bulyan (non-DP),1,40,0.5928
FANG,Bulyan (non-DP),1,45,0.6163
FANG,Bulyan (non-DP),1,50,0.6179
FANG,Bulyan (non-DP),1,55,0.6195
FANG,Bulyan (non-DP),1,60,0.634
FANG,Bulyan (non-DP),1,65,0.6311
FANG,Bulyan (non-DP),1,70,0.6498
FANG,Bulyan (non-DP),1,75,0.6575
FANG,Bulyan (non-DP),1,80,0.6618
FANG,Bulyan (non-DP),1,85,0.657
FANG,Bulyan (non-DP),1,90,0.6664
FANG,Bulyan (non-DP),1,95,0.6668
FANG,Bulyan (non-DP),1,100,0.678
FANG,Bulyan (non-DP),1,105,0.68
FANG,Bulyan (non-DP),1,110,0.678
FANG,Bulyan (non-DP),1,115,0.6797
FANG,Bulyan (non-DP),1,120,0.6841
FANG,Bulyan (non-DP),1,125,0.6896
FANG,Bulyan (non-DP),1,130,0.6844
FANG,Bulyan (non-DP),1,135,0.6843
FANG,Bulyan (non-DP),1,140,0.6951
FANG,Bulyan (non-DP),1,145,0.7014
FANG,Bulyan (non-DP),1,150,0.697
FANG,Bulyan (non-DP),1,155,0.7022
FANG,Bulyan (non-DP),1,160,0.7015
FANG,Bulyan (non-DP),1,165,0.7058
FANG,Bulyan (non-DP),1,170,0.704
FANG,Bulyan (non-DP),1,175,0.704
FANG,Bulyan (non-DP),1,180,0.7055
FANG,Bulyan (non-DP),2,0,0.1001
FANG,Bulyan (non-DP),2,5,0.3503
FANG,Bulyan (non-DP),2,10,0.4307
FANG,Bulyan (non-DP),2,15,0.3274
FANG,Bulyan (non-DP),2,20,0.3806
FANG,Bulyan (non-DP),2,25,0.3057
FANG,Bulyan (non-DP),2,30,0.4066
FANG,Bulyan (non-DP),2,35,0.5072
FANG,Bulyan (non-DP),2,40,0.3974
FANG,Bulyan (non-DP),2,45,0.3616
FANG,Bulyan (non-DP),2,50,0.3956
FANG,Bulyan (non-DP),2,55,0.4062
FANG,Bulyan (non-DP),2,60,0.4308
FANG,Bulyan (non-DP),2,65,0.4323
FANG,Bulyan (non-DP),2,70,0.4226
FANG,Bulyan (non-DP),2,75,0.4443
FANG,Bulyan (non-DP),2,80,0.4512
FANG,Bulyan (non-DP),2,85,0.4513
FANG,Bulyan (non-DP),2,90,0.5027
FANG,Bulyan (non-DP),2,95,0.4967
FANG,Bulyan (non-DP),2,100,0.506
FANG,Bulyan (non-DP),2,105,0.5099
FANG,Bulyan (non-DP),2,110,0.5061
FANG,Bulyan (non-DP),2,115,0.5317
FANG,Bulyan (non-DP),2,120,0.5448
FANG,Bulyan (non-DP),2,125,0.5023
FANG,Bulyan (non-DP),2,130,0.6131
FANG,Bulyan (non-DP),2,135,0.5578
FANG,Bulyan (non-DP),2,140,0.5598
FANG,Bulyan (non-DP),2,145,0.5976
FANG,Bulyan (non-DP),2,150,0.6512
FANG,Bulyan (non-DP),2,155,0.6076
FANG,Bulyan (non-DP),2,160,0.6071
FANG,Bulyan (non-DP),2,165,0.6527
FANG,Bulyan (non-DP),2,170,0.6026
FANG,Bulyan (non-DP),2,175,0.5755
FANG,Bulyan (non-DP),2,180,0.5718
